Title,Artist,Album 
忘了如何遺忘,郭靜,忘了如何遺忘
浪漫血液,林俊傑,新地球
手心的薔薇 (ft. 鄧紫棋),林俊傑;鄧紫棋,新地球
可惜沒如果,林俊傑,新地球
我天生 - 有夢版,告五人,我天生 - 有夢版
回來吧,五月天,神的孩子都在跳舞
落葉歸根,王力宏,改變自己
流沙,陶喆,陶喆同名專輯
Fly Away,飛兒樂團,飛兒樂團
你敢不敢,徐佳瑩,理想人生
Make Me Love You,太妍,My Voice - The 1st Album (Deluxe Edition)
夠愛,曾沛慈;東城衞,強辯之終極三國 - 三團鼎立Super大鬥陣
暖心,郁可唯,犀利人妻。幸福秘笈 音樂圖文原聲帶
猜不透,丁噹,下一站，天后演唱會live DVD+CD
猜不透,戴佩妮,Penny
寂寞的季節,陶喆,樂之路
新地球,林俊傑,新地球
Melody,陶喆,黑色柳丁
天使之戀,黃鶯鶯,天使之戀
回留,方大同,夢想家 The Dreamer
與海無關 (《比悲傷更悲傷的故事》影集版插曲),告五人,運氣來得若有似無
知足 (諾亞方舟 10週年進化),五月天;告五人,知足
我想要佔據你,告五人,帶你飛
如果愛,方大同,橙月
Singalongsong,方大同,橙月
寫一首歌,蛋堡;方大同,你所不知道的杜振熙之內部整修
南音,方大同,Soulboy
心裡有針,蕭煌奇,愛作夢的人
拋物線,蔡健雅,若你碰到他
無可救藥,品冠,愛到無可救藥
十九八七,方大同,未來
牆外的風景（蘇打綠版）,蘇打綠,冬 未了（蘇打綠版）
If You Leave Me Now,方大同,愛愛愛
詩人的情人,方大同,愛愛愛
手拖手,方大同,愛愛愛
關於愛的定義,方大同,回到未來
自以為 (feat. 徐佳瑩),方大同;徐佳瑩,15
好不容易,方大同,15
1234567,方大同,橙月
春風吹,方大同,Soulboy
誰知愛是什麼,方大同,夢想家 The Dreamer
黑白,方大同,橙月
愛在,方大同,未來
因為你,方大同,15
才二十三,方大同,夢想家 The Dreamer
Silent Angel,蘇打綠,Silent Angel
沒那麼愛他,范瑋琪,Faces of FanFan 新歌+精選
後青春期的詩,五月天,後 青春期的詩
心裡的孩子,梁文音,黃色夾克
你存在,梁文音,你存在
最幸褔的事,梁文音,愛的詩篇
愛一直存在,梁文音,"愛,一直存在"
慢一點,梁文音,情歌比情人還懂
和平分手,梁文音;蕭煌奇,副駕駛座的風景
傷心1999,王傑,從今開始
當我們一起走過,蘇打綠,你在煩惱什麼
千本桜,KuroUsa(WhiteFlame),千本桜
噢買尬,五月天,後 青春期的詩
小情歌（蘇打綠版）,蘇打綠,小宇宙（蘇打綠版）
晩餐歌 - Bansanka,tuki.,15
快魚仔 - （花甲男孩轉大人片頭曲）,盧廣仲,【花甲男孩轉大人】盧廣仲全創作原聲帶
成全,劉若英,命中注定我愛你 電視原聲帶
落雨聲,江蕙,江蕙 世紀紅歌
勁歌. 金曲2 (情歌王),古巨基,我還是你的 (情歌王)
任性 (電視劇《難哄》主題曲),五月天,任性
今天沒回家,陶喆,樂之路
下一次擁抱,朱俐靜,快樂美人魚
安靜(Feat.陳勢安) - 偶像劇《愛上哥們》插曲,朱俐靜;陳勢安,想念Miu精選
存在的力量,朱俐靜,女神Miu朱俐靜 存在的力量
這樣愛你好可怕,林凡,眼淚流回去
明明愛你,林凡,歲月這把刀
聽你說,林凡;郁可唯,微加幸福
摯友,周興哲,摯友
你不屬於我 - 《比悲傷更悲傷的故事》影集版片尾曲,周興哲,你不屬於我 (《比悲傷更悲傷的故事》影集版片尾曲)
學著愛,周興哲,學著愛
我愛過你,周興哲,我愛過你
如果能幸福 - HBO Asia原創影集《戒指流浪記》片尾曲,周興哲,如果能幸福 (HBO Asia原創影集《戒指流浪記》片尾曲)
至少我還記得 - 天堂的微笑插曲,周興哲,終於了解自由 (Deluxe)
愛情教會我們的事,周興哲,愛，教會我們的事
受夠,周興哲,小時候的我們
想知道你在想什麼 - 《我吃了那男孩一整年的早餐》電影主題曲,周興哲,想知道你在想什麼 (《我吃了那男孩一整年的早餐》電影主題曲)
離開你以後 - 電影《你的婚禮》插曲,周興哲,離開你以後 (電影《你的婚禮》插曲)
我很快樂,周興哲,小時候的我們
永不失聯的愛,周興哲,如果雨之後
怎麼了,周興哲,終於了解自由 (Deluxe)
永不結束的情人節,周興哲,Almost 幾乎是愛情
雪人,范曉萱,好想談戀愛
很愛很愛你,劉若英,很愛很愛你
各自安好,劉若英,各自安好
不藥而癒 - 第三波,郭靜,下一個天亮
聊天,郭靜,你 朋友
我不想忘記你,郭靜,我不想忘記你
分開不是誰不好,郭靜,我們曾相愛
想個不停,郭靜,我不想忘記你
仨人,郭靜,我不想忘記你
忘了如何遺忘 - 電視劇《聶小倩》片尾曲,郭靜,我們曾相愛
原来你都在,丁噹,當我的好朋友
很愛過,丁噹,未來的情人
滄海一聲笑,任賢齊,為愛走天涯
春天花會開,任賢齊,為愛走天涯
乾啦 乾啦 (feat. 阿信 & 任賢齊),八三夭;五月天 阿信;任賢齊,生存指南
任逍遙,任賢齊,愛像太平洋
我是一隻魚,任賢齊,任賢齊 Love & Beloved 2008 演唱會
對面的女孩看過來,任賢齊,愛像太平洋
浪花一朵朵,任賢齊;阿牛;光良,影視歌全集
心太軟,任賢齊,心太軟
傷心太平洋,任賢齊,任賢齊 Love & Beloved 2008 演唱會
愛要怎麼說,伍思凱,愛要怎麼說
大海,張雨生,大海
天天想你,張雨生,天天想你
我的未來不是夢,張雨生,六個朋友
哭砂,周華健,花旦
最近比較煩,周華健;李宗盛;品冠,滾石香港黃金十年-周華健精選
是否我真的一無所有 - Remastered,王傑,是否我真的一無所有 (Remastered)
圓謊 - Remastered,張宇,好男人的情歌 (Remastered)
情有獨鍾,張宇,奇蹟
小小的太陽,張宇,奇蹟
讓我忘記你的臉,張信哲,永恆金曲 影音典藏精選
曾經愛過,張信哲,永恆金曲 影音典藏精選
說謊,張信哲,做你的男人
我是真的愛你,張信哲,絕對收藏張信哲
做你的男人,張信哲,做你的男人
用情,張信哲,摯愛
別怕我傷心,張信哲,永恆金曲 影音典藏精選
愛如潮水,張信哲,永恆金曲 影音典藏精選
我會想念妳,張震嶽,阿嶽正傳
雙手插口袋,頑童Mj116;張震嶽,Fresh Game
秘密,張震嶽,這個下午很無聊
愛的初體驗,張震嶽,這個下午很無聊
布拉格廣場,JOLIN蔡依林,巨星金曲-合唱篇
另一個天堂 (with Jane Zhang),王力宏;張靚穎,巨星金曲-合唱篇
招牌動作,JOLIN蔡依林,J女神 影音典藏精選
愛的天使,JOLIN蔡依林;安志杰,Jolin 最愛Live Concert音樂精選
反覆記號,JOLIN蔡依林,野蠻遊戲
做一天的你,JOLIN蔡依林,看我72變
好想你,JOLIN蔡依林,野蠻遊戲
假面的告白,JOLIN蔡依林,看我72變
酸甜,JOLIN蔡依林,野蠻遊戲
單身公害,JOLIN蔡依林,J9 新歌+Party 精選
看我72變,JOLIN蔡依林,J女神 影音典藏精選
甜秘密,JOLIN蔡依林,Ugly Beauty
Don't Stop - Bring it all back,JOLIN蔡依林,Don't Stop
海盜,JOLIN蔡依林,城堡
Dr. Jolin,JOLIN蔡依林,MUSE
You Gotta Know,JOLIN蔡依林,Don't Stop
愛上了一條街,JOLIN蔡依林,Show Your Love
慣性背叛,JOLIN蔡依林,J世紀Generation 大牌新曲+精選盤2006-2009
美杜莎,JOLIN蔡依林,呸
美人計,JOLIN蔡依林,蔡依林 Myself 2010概念專輯
怪我太年輕,JOLIN蔡依林,1019
獨佔神話,JOLIN蔡依林,野蠻遊戲
無言以對,JOLIN蔡依林,蔡依林 Myself 2010概念專輯
非賣品,JOLIN蔡依林,特務J
屋頂,吳宗憲;温嵐,吳盡的愛
怕什麼,JOLIN蔡依林,特務J
電話皇后 (唯舞獨尊DX電玩遊戲主題曲),JOLIN蔡依林,呸
迷幻,JOLIN蔡依林,MUSE
野蠻遊戲,JOLIN蔡依林,野蠻遊戲
大丈夫,JOLIN蔡依林;Nick Chou,花蝴蝶
Love Love Love,JOLIN蔡依林,Love Love Love
玫瑰少年 - From THE FIRST TAKE,JOLIN蔡依林,玫瑰少年 - From THE FIRST TAKE
愛無赦,JOLIN蔡依林,特務J
娘子,周杰倫,同名專輯
"如果可以 - 電影""月老""主題曲",韋禮安,"如果可以 (電影""月老""主題曲)"
失重前幸福,艾薇,失重前幸福
那些年,胡夏,那些年，我們一起追的女孩 電影原聲帶
超人不會飛,周杰倫,跨時代
好久不見,周杰倫,跨時代
水手怕水,周杰倫,驚嘆號
最長的電影,周杰倫,我很忙
青花瓷,周杰倫,我很忙
麥芽糖,周杰倫,11月的蕭邦
安靜,周杰倫,范特西
一路向北,周杰倫,11月的蕭邦
愛你沒差,周杰倫,十二新作
幾分之幾 - 電影<花甲大人轉男孩>主題曲,盧廣仲,幾分之幾
楓,周杰倫,11月的蕭邦
你聽聽就好,李芷婷,美麗舊世界
說了再見,周杰倫,跨時代
說好不哭,周杰倫;五月天 阿信,說好不哭
小幸運 - 電影《我的少女時代》主題曲,田馥甄,小幸運 (電影《我的少女時代》主題曲)
缺口,庾澄慶,缺口
一個人還是想著一個人 - 《終極一班3》片尾曲,曾沛慈,我是曾沛慈
靠近一點點,梁心頤,惡作劇之吻
查某囡仔,李千娜,查某囡仔
不能說的秘密,周杰倫,《不能說的秘密》電影原聲帶
兜圈,林宥嘉,必娶女人 (電視原聲帶)
擁抱,五月天,五月天第一張創作專輯
寵上天,五月天,為愛而生
人生海海,五月天,人生海海
相信,五月天,人生海海
雨眠,五月天,愛情萬歲
亂世浮生,五月天,知足 just my pride 最真傑作選
忘詞,五月天,為愛而生
生存以上 生活以下,五月天,後 青春期的詩
彩虹,五月天,人生海海
愛情的模樣,五月天,五月天第一張創作專輯
聽不到,五月天,知足 just my pride 最真傑作選
志明與春嬌,五月天,五月天第一張創作專輯
後來的我們,五月天,自傳
I LOVE YOU 無望,五月天,五月天第一張創作專輯
愛情萬歲,五月天,愛情萬歲
反而,五月天,愛情萬歲
最重要的小事,五月天,為愛而生
明白,五月天,愛情萬歲
王子麵,五月天;孫燕姿,時光機
九號球,五月天,時光機
OK啦!,五月天,人生海海
一顆蘋果,五月天,人生海海
瘋狂世界,五月天,五月天第一張創作專輯
盛夏光年,五月天,步步 自選作品輯 The Best of 1999-2013
牙關,五月天,知足 just my pride 最真傑作選
BEAUTIFUL LOVE,蔡健雅,T-TIME新歌精選
當你,王心凌,Begin
天下有情人,周華健;齊豫,愛相隨
為你寫詩,吳克群,為你寫詩
半島鐵盒,周杰倫,八度空間
童話,光良,十光年精選輯
彩虹,周杰倫,我很忙
慢慢等,韋禮安,慢慢等EP
匿名的好友,楊丞琳,雨愛
倔強,五月天,神的孩子都在跳舞
愛在西元前,周杰倫,范特西
私奔到月球,五月天;陳綺貞,離開地球表面
真實,張惠妹;Jerry Lin;Premium Studio,真實
花心,周華健,花心
刀劍如夢,周華健,風雨無阻
朋友,周華健,朋友
讓我歡喜讓我憂,周華健,讓我歡喜讓我憂
有沒有一首歌會讓你想起我,周華健,忘憂草
神話．情話,周華健;齊豫,周華健 & Friends
在晴朗的天空下,周華健;李宗盛;成龍;黃耀明,周華健 & Friends
天下有情人,周華健;齊豫,周華健 & Friends
怪美的,JOLIN蔡依林,怪美的
大藝術家,JOLIN蔡依林,MUSE
自愛自受,JOLIN蔡依林,呸
一個人,JOLIN蔡依林,J世紀Generation 大牌新曲+精選盤2006-2009
今天妳要嫁給我,JOLIN蔡依林;陶喆,J世紀Generation 大牌新曲+精選盤2006-2009
假裝,JOLIN蔡依林,J世紀Generation 大牌新曲+精選盤2006-2009
聽說愛情回來過,JOLIN蔡依林,J世紀Generation 大牌新曲+精選盤2006-2009
墓仔埔也敢去,JOLIN蔡依林,J世紀Generation 大牌新曲+精選盤2006-2009
日不落,JOLIN蔡依林,J世紀Generation 大牌新曲+精選盤2006-2009
愛無赦,JOLIN蔡依林,J世紀Generation 大牌新曲+精選盤2006-2009
唯舞獨尊,JOLIN蔡依林,J世紀Generation 大牌新曲+精選盤2006-2009
馬德里不思議,JOLIN蔡依林,J世紀Generation 大牌新曲+精選盤2006-2009
Mr. Q,JOLIN蔡依林,J世紀Generation 大牌新曲+精選盤2006-2009
特務J,JOLIN蔡依林,J世紀Generation 大牌新曲+精選盤2006-2009
舞孃,JOLIN蔡依林,J世紀Generation 大牌新曲+精選盤2006-2009
Mr. Q,JOLIN蔡依林,舞孃
什麼樣的愛,JOLIN蔡依林,Don't Stop
你快樂嗎,JOLIN蔡依林,Don't Stop
空白,JOLIN蔡依林,1019
腦公,JOLIN蔡依林,Ugly Beauty
不一樣又怎樣,JOLIN蔡依林,呸
日不落,JOLIN蔡依林,特務J
今天妳要嫁給我,JOLIN蔡依林;陶喆,唯舞獨尊演唱會鮮聽版&特別混音專輯
王妃,蕭敬騰,王妃
阿飛的小蝴蝶,蕭敬騰,王妃
只能想念你,蕭敬騰,狂想曲
不懂,林俊傑,樂行者
一千年以後,林俊傑,編號 89757
愛愛愛,方大同,愛愛愛
為妳寫的歌,方大同,橙月
只能想念你,蕭敬騰,漁人碼頭夏日狂想曲新歌演唱會 (2nd Version)
也可以,閻奕格,我有我自己
那不是雪中紅,JPM,月球漫步
我是誰我是誰我是誰,MP魔幻力量,魔幻力量
馬德里不思議,JOLIN蔡依林,舞孃
軋車,五月天,五月天第一張創作專輯
五百,黃明志,亞洲通才
最近比較煩,周華健;李宗盛;品冠,周華健 & Friends
好好 (想把你寫成一首歌),五月天,自傳
詩人漫步,JOLIN蔡依林,MUSE IN LIVE (Deluxe Version)
無眠,蘇打綠,夏 / 狂熱
女爵,楊乃文,女爵
因為愛,韋禮安,韋禮安首張同名全創作專輯
特別的人,方大同,危險世界
女孩 - 女孩(2015 韋禮安 《放開那女孩 Free That Girl》 小巨蛋演唱會求愛主題曲/ 衛視中文台戲劇 《長不大的爸爸》片頭曲),韋禮安,硬戳
我好想你,蘇打綠,秋：故事
我們沒有在一起,劉若英,在一起
遺憾,方烱彬,壞人情歌 遺憾
幸福了 然後呢,A-Lin,幸福了 然後呢 (影音慶功版)
有一種悲傷 - 電影《比悲傷更悲傷的故事》主題曲,A-Lin,A-Lin原聲帶
給我一個理由忘記,A-Lin,寂寞不痛
豆漿油條,林俊傑,第二天堂
曹操,林俊傑,曹操
簡簡單單,林俊傑,編號 89757
對的時間點,林俊傑,對的時間點
黑夜問白天,林俊傑,偉大的渺小
關鍵詞,林俊傑,"""和自己對話"" 實驗專輯"
不為誰而作的歌,林俊傑,"""和自己對話"" 實驗專輯"
那些你很冒險的夢,林俊傑,學不會
她說,林俊傑,她說
背對背擁抱,林俊傑,JJ林俊傑100天
小酒窩,林俊傑;蔡卓姸,JJ陸
秘密,張震嶽,阿嶽正傳
淚海,許茹芸,茹此精彩十三首
親愛的那不是愛情,張韶涵,Ang5.0
春泥,庾澄慶,哈林天堂
Di Da Di,李玟,DI-DA-DI暗示
愛我別走,張震嶽,祕密基地
廣島之戀,莫文蔚;張洪量,做自己
天空,JOLIN蔡依林,野蠻遊戲
獨家記憶,陳小春,獨家記憶
傻瓜,温嵐,熱浪
手放開,李聖傑,絕對痴心.手放開
壞人,方烱彬,好人Abin 方炯鑌首張個人創作專輯
愛的主打歌,蕭亞軒,愛的主打歌 . 吻
天黑,阿杜,天黑
那年夏天寧靜的海,王心凌,Magic Cyndi
心向夏天,宇宙人,右腦
另一個天堂,王力宏;張靚穎,心．跳
紅色高跟鞋,蔡健雅,若你碰到他
愛情轉移,陳奕迅,認了吧
就是愛妳,陶喆,太平盛世
只能勇敢,蕭煌奇,孤獨的和弦
轉身之後,畢書盡,Bii Story
算什麼男人,周杰倫,"哎呦, 不錯哦"
分手需要練習的,A-Lin,以前，以後
哭過就好了,梁文音,"愛,一直存在"
戒菸,李榮浩,嗯
你的背包,陳奕迅,陳奕迅 國語精選 (HQCDII)
我把我的青春給你,好樂團,我把我的青春給你
退後,周杰倫,依然范特西
心跳,王力宏,心．跳
想自由,林宥嘉,美妙生活
等一個人,林芯儀,等一個人咖啡電影原聲帶 搶先聽
我愛的人,林宥嘉,星光同學會 - 超級星光大道10強紀念合輯
沒那麽簡單,黃小琥,簡單不簡單
夏天的風,元衛覺醒,幸福下載
對摺,任賢齊,不信邪
黑色柳丁,陶喆,黑色柳丁
靜靜的,庾澄慶,戒不掉
聽媽媽的話,周杰倫,依然范特西
偏見,梁詠琪,順時針 (新歌+精選)
炙愛 - 女聲版,陳忻玥,Am I Who I Am
花香,許紹洋,薰衣草 電視原聲帶
沿海地帶,弦子,弦子首張同名專輯
不得不愛,潘瑋柏;弦子,高手
說謊,林宥嘉,感官/世界
情歌,梁靜茹,別再為他流淚
背叛,曹格,Superman
人質,張惠妹,我要快樂 (Deluxe Version)
倫敦的愛情,Shadya Lan,二號創作專輯 倫敦的愛情
掉了,張惠妹,阿密特
陰天,莫文蔚,你可以
鴨子,蘇慧倫,鴨子
最近,李聖傑,關於妳的歌
膽小鬼,梁詠琪,梁詠琪gigi
Kiang,自由發揮,超KIANG新歌加精選
歡迎光臨,自由發揮,自由發揮同名專輯
逆風飛翔,蕭煌奇,我們的故事
天真有邪,林宥嘉,今日營業中
披星戴月的想你,告五人,披星戴月的想你
是什麼讓我遇見這樣的你,白安,麥田捕手
候鳥,蕭煌奇,候鳥
迷途羔羊,兄弟本色,FLY OUT
好愛好散,陳勢安,好愛好散
風的形狀,岑寧兒,風的形狀
紅豆,方大同,The Soulboy Collection
喜歡你,徐佳瑩,收•音•《我是歌手4》原音精選
虹,菅田 将暉,COLLAGE
鹹魚,五月天,知足 just my pride 最真傑作選
借問眾神明,五月天,知足 just my pride 最真傑作選
永遠的永遠,五月天,知足 just my pride 最真傑作選
I LOVE YOU 無望,五月天,知足 just my pride 最真傑作選
叫我第一名,五月天,知足 just my pride 最真傑作選
垃圾車 - 朋友版,五月天,知足 just my pride 最真傑作選
OK啦!,五月天,知足 just my pride 最真傑作選
憨人,五月天,知足 just my pride 最真傑作選
好不好,五月天,知足 just my pride 最真傑作選
心中無別人,五月天,知足 just my pride 最真傑作選
志明與春嬌,五月天,知足 just my pride 最真傑作選
倔強,五月天,知足 just my pride 最真傑作選
溫柔 - 還你自由版,五月天,知足 just my pride 最真傑作選
恆星的恆心,五月天,知足 just my pride 最真傑作選
愛情萬歲,五月天,知足 just my pride 最真傑作選
瘋狂世界,五月天,知足 just my pride 最真傑作選
人生海海,五月天,知足 just my pride 最真傑作選
孫悟空,五月天,知足 just my pride 最真傑作選
而我知道,五月天,知足 just my pride 最真傑作選
終結孤單,五月天,知足 just my pride 最真傑作選
擁抱,五月天,知足 just my pride 最真傑作選
離開地球表面Remix by DJ ROCK,五月天,離開地球表面
Paradise + 倔強 - Live,五月天,離開地球表面
晚安地球人+瘋狂世界 - Live,五月天,離開地球表面
最重要的小事 - Live,五月天,離開地球表面
瑪莎的小事 - Live,五月天,離開地球表面
約翰藍儂 - Live,五月天,離開地球表面
阿姆斯壯 - Live,五月天,離開地球表面
孫悟空 - Ver. All Crew Out [Live],五月天,離開地球表面
摩托車日記 - Live,五月天,離開地球表面
天使 - Live,五月天,離開地球表面
垃圾車(07'最夠朋友版),五月天,離開地球表面
透露,五月天,我們是五月天
我,五月天,我們是五月天
愛情萬歲,五月天,我們是五月天
搖滾本事,五月天,我們是五月天
在這一秒,五月天;羽泉,我們是五月天
終結孤單,五月天,我們是五月天
我就想你,理想混蛋,關掉 / 打開
生存以上 生活以下,五月天,五月天〔創造〕小巨蛋 D.N.A LIVE 創紀錄音
愛的主旋律,卓文萱;黃鴻升,【1+1】Play n Fun珍選集
愛你無條件,黃乙玲,愛你無條件
無言花,江蕙,悲情歌聲
年紀大了一點,陶晶瑩,我變了
小夫妻,蔡淳佳;歐得洋,淳.佳. (新歌+精選)
你怎麼捨得我難過,黃品源,淚光閃閃.源來有你 16年精裝絕選
袖手旁觀,江美琪,又寂寞又美麗
愛 很簡單,陶喆,陶喆同名專輯
讓我一次愛個夠,庾澄慶,庾澄慶精選集
到不了的地方,蕭敬騰,The Song
我的歌聲裡,曲婉婷,Everything In The World
這首歌,蕭敬騰,The Song
Marry Me,蕭敬騰,以愛之名
EASY LOVE,上坂堇,ANTHOLOGY & DESTINY
寧夏,梁靜茹,燕尾蝶<下定愛的決心>
終於了解自由,周興哲,終於了解自由 (Deluxe)
克卜勒,孫燕姿,克卜勒
給未來的自己,梁靜茹,崇拜
戒不掉,庾澄慶,戒不掉
斷了的弦,周杰倫,尋找周杰倫EP
以父之名,周杰倫,葉惠美
一眼瞬間,張惠妹;蕭敬騰,Star
勇敢,五月天,勇敢
"不將就 (電影""何以笙簫默""片尾曲)",李榮浩,有理想
我愛台妹,MC HotDog;張震嶽,WAKE UP
為愛痴狂,劉若英,滾石年度最賣座專輯主打歌全紀錄 亂世佳人vs新好男人
天黑黑,孫燕姿,The Moment
愛的代價,張艾嘉,愛的代價
認錯,優客李林,認錯
真正的劇本,庾澄慶,傷心歌手
讓我一次愛個夠,庾澄慶,讓我一次愛個夠
報告班長,庾澄慶,傷心歌手
秋風夜雨 - Live,伍佰,愛你伍佰年
曬傷,魏如萱,曬傷
別讓我走遠 (電視劇《我們與惡的距離》主題曲),林宥嘉,別讓我走遠 (電視劇《我們與惡的距離》主題曲)
看淡,田馥甄,一把青 (電視原聲帶)
浪漫來襲,蕭亞軒,16個夏天 電視原聲帶｜錯過與遺憾珍藏盤
以後別做朋友,周興哲,16個夏天 電視原聲帶｜錯過與遺憾珍藏盤
入陣曲,五月天,蘭陵王 (電視原聲帶)
不要不要,卓文萱,反正卓文萱
愛瘋頭,羅志祥,羅生門
模特,李榮浩,模特
妳把我灌醉,黃大煒,黃大煒
你把我灌醉,黃大煒,黃大煒 國語原聲帶
他夏了夏天（蘇打綠版）,蘇打綠,夏／狂熱（蘇打綠版）
熱愛,王心凌,Red Cyndi
妥協,JOLIN蔡依林,花蝴蝶
疑心病,任然,从小到大
稻草人,林志穎,稻草人
愛情之所以為愛情,梁靜茹,別再為他流淚
對等關係 (feat. 張惠妹),李榮浩;張惠妹,縱橫四海
世間始終你好 - 無線電視劇[射鵰英雄傳]主題曲,甄妮;羅文,射鵰英雄傳
鐵血丹心 - 無綫電視劇「射鵰英雄傳之銕血丹心」主題曲,羅文;甄妮,羅文記念全集(八): 射鵰英雄傳
採紅菱,羅文;陳寶玲,採紅菱
命運,家家,為你的寂寞唱歌
Someday or One Day,孫盛希,想見你 電視原聲帶
月彎彎 (The Crescent Moon),謝金燕,月彎彎 (The Crescent Moon)
愛不單行,羅志祥,羅生門
月牙灣,飛兒樂團,愛‧歌姬
大城小愛,王力宏,蓋世英雄
隠形的翅膀,張韶涵,潘朵拉
大眠,王心凌,愛。心凌
雨天,孫燕姿,My Story 2006 新歌+精選
路過人間 (電視劇《我們與惡的距離》插曲),郁可唯,路過人間
一級棒,謝金燕,跳針舞曲2013
要發達,謝金燕,蹦X趴
舞女,陳小雲,"鄉城台語精選, Vol. 1"
愛情恰恰,陳小雲,陳小雲 愛情恰恰 (台語暢銷輯)
叫一聲心愛的,陳雷;陳思安,紅葉
海海人生,陳雷,歡喜就好
往事就是我的安慰,陳雷,"鄉城台語精選, Vol. 1"
風真透,陳雷,"鄉城台語精選, Vol. 1"
歡喜就好,陳雷,歡喜就好
曼波情歌,謝金燕,愛來愛去
姊姊妹妹站起來,陶晶瑩,我變了
摯友,A-Lin,LINK
一天 - 電視劇《想見你》插曲,YELLOW黃宣,想見你 電視原聲帶
一天 - 電視劇《想見你》插曲,YELLOW黃宣,一天
最近還好嗎,S.H.E,鬥牛要不要 (電視原聲帶)
塵埃,家家,為你的寂寞唱歌
還是會,韋禮安,有人在等
專屬天使,TANK 呂建忠,花樣少年少女 (電視原聲帶)
填空,家家,忘不記
如果我們不曾相遇,五月天,自傳
我們 - 《後來的我們》電影主題曲,陳奕迅,我們 (《後來的我們》電影主題曲)
前面路口停,鄧福如 AFÜ;小宇,自成一派
不具名的悲傷,羅志祥,有我在
孤獨的總和,吳汶芳,愛的生存之道
垃圾車,五月天,神的孩子都在跳舞
春天的呐喊,五月天,後 青春期的詩
Love So Sweet,嵐,Time
途中,黃美珍,途中
新不了情,萬芳,芳心精選輯
哭不出來,張惠妹,Bad Boy
殘酷月光,林宥嘉,神秘嘉賓
依然愛你,王力宏,火力全開 新歌 + 精選
轉眼 Life Live,五月天,五月天 人生無限公司 Life Live 完整收錄篇
轉眼（2018 自傳最終章）,五月天,轉眼（2018 自傳最終章）
陪我看日出,蔡淳佳,日出
畫沙,袁詠琳;周杰倫,Cindy袁詠琳同名專輯
親密愛人,王若琳,The Things We Do for Love
人海中遇見你,林育羣,真愛無盡
幸福的忘記《女王的誕生》插曲,孫耀威;梁文音,愛 其實
我的快樂 - 台視、三立《命中注定我愛你》插曲,錦繡二重唱,命中註定最犀利 影視主題曲給力大合輯
只怕想家,黃美珍,途中
123木頭人,黑澀會美眉,美眉私密的一天-粉紅高壓電
永遠在身邊,大嘴巴,王元 口力口
櫻花草,Sweety,花言喬語
愛的雙重 魔力,BY2,成人禮
你是不是有點動心,吳卓源,1:28
夢中的情話,江蕙;阿杜,紅線
SPOTLIGHT,頑童Mj116,幹大事
浪費,林宥嘉,大小說家
良人,鄧福如 AFÜ,天空島
大逃殺,八三夭,大逃殺
愛情你比我想的閣較偉大 -《當男人戀愛時》電影主題曲,茄子蛋,愛情你比我想的閣較偉大 -《當男人戀愛時》電影主題曲
浪子回頭,茄子蛋,卡通人物
浪流連,茄子蛋,我們以後要結婚
不想讓你知道,周蕙,周蕙精選
好想好好愛你,周蕙,周蕙精選2好想好好愛你
約定,周蕙,周蕙精選
特別的愛給特別的你,伍思凱,特別的愛給特別的你
"寶貝,對不起",草蜢,寶貝，對不起
青蘋果樂園,小虎隊,新年快樂
A.I.N.Y.,鄧紫棋,The Best of G.E.M. 2008 - 2012 (Deluxe Version)
超跑情人夢,卜學亮,SUPER 亮
向前走,林強,向前走
浪人情歌,伍佰,浪人情歌
不是男人,八三夭,最後的8/31
東區東區,八三夭,最後的8/31
9453,玖壹壹,玖肆伍叁
蜂鳥 (電視劇《我在北京等你》片頭曲),吳青峰,蜂鳥 (電視劇《我在北京等你》片頭曲)
浪漫來襲,蕭亞軒,不解釋親吻
李白,李榮浩,模特
志明與春嬌 - Live,五月天,你要去哪裡巡迴演唱會 (Live)
我期待,張雨生;陶晶瑩,想念雨生
我還年輕 我還年輕,老王樂隊,吾十有五而志於學
Coming Home,潘瑋柏,異類
不想上班,黃明志;肖央,亞洲通車
Oh My God,黃明志;玖壹壹,亞洲通車
嘻哈庄腳情,玖壹壹;Lulu黃路梓茵,玖肆伍叁
入陣曲,五月天,五月天 | 步步 | 自選作品輯 the Best of 1999-2013
再見煙火,卓義峯,聽者
路過人間 (電視劇《我們與惡的距離》插曲）,郁可唯,路過人間 (電視劇《我們與惡的距離》插曲）
你要的全拿走,胡彥斌,覅忒好
如果我們還在一起,宇宙人,右腦
"我不是神 , 我只是平凡卻直拗愛著你的人",林宥嘉,"我不是神 , 我只是平凡卻直拗愛著你的人"
練習,劉德華,練習
第幾個100天,林俊傑,JJ林俊傑100天
愛笑的眼睛,林俊傑,她說
當你,林俊傑,她說
記得,林俊傑,她說
學不會,林俊傑,學不會
因你而在,林俊傑,因你 而在
黑暗騎士 (feat. 五月天),林俊傑;五月天,因你 而在
偉大的渺小,林俊傑,偉大的渺小
洋蔥,楊宗緯,鴿子
背叛,楊宗緯,星光同學會 - 超級星光大道10強紀念合輯
凉凉,楊宗緯;張碧晨,電視劇《三生三世十里桃花》
西界,林俊傑,西界
永遠的畫面,張惠妹;Jerry Lin@ Premium Studio,真實
憨人,五月天,五月天 | 步步 | 自選作品輯 the Best of 1999-2013
倔強,五月天,五月天 fly to 2023 諾亞方舟十週年線上特別版 LIVE
我不願讓你一個人,五月天,第二人生(明日版)
諾亞方舟,五月天,五月天 fly to 2023 諾亞方舟十週年線上特別版 LIVE
乾杯,五月天,第二人生(明日版)
終結孤單,五月天,五月天 好好好想見到你 Mayday fly to 2022 線上特別版 LIVE
抓狂,五月天,離開地球表面
有些事現在不做 一輩子都不會做了,五月天,第二人生(明日版)
孫悟空 live in the sky,五月天,五月天 突然好想見到你 live in the sky
第二人生,五月天,五月天 fly to 2023 諾亞方舟十週年線上特別版 LIVE
突然好想你,五月天,五月天 fly to 2023 諾亞方舟十週年線上特別版 LIVE
溫柔,五月天,五月天 好好好想見到你 Mayday fly to 2022 線上特別版 LIVE
離開地球表面,五月天,離開地球表面
派對動物,五月天,自傳
軋車,五月天,五月天〔創造〕小巨蛋 D.N.A LIVE 創紀錄音
我心中尚未崩壞的地方,五月天,後 青春期的詩
星火,飛兒樂團,末日青春：補完計劃
勢在必行,陳勢安;畢書盡,再愛一遍‧天后陳勢安
再遇見,蘇打綠,秋：故事
再見,張震嶽,OK
散場的擁抱,倪安東,第一課
乾杯,五月天,第二人生(末日版)
我的秘密 (MySecret),鄧紫棋,MySecret
原來,林俊傑,曹操
醉赤壁,林俊傑,JJ陸
不潮不用花錢,林俊傑,JJ陸
淚橋,伍佰,淚橋
無心傷害,杜德偉,發現愛
你的背包,陳奕迅,Music Life 精選
終於結束的起點,五月天,自傳
因為你 所以我,五月天,因為你 所以我
人生有限公司,五月天,自傳
憨人 - Live,五月天,諾亞方舟 世界巡迴演唱會Live
有些事現在不做一輩子都不會做了,五月天,第二人生(末日版)
轉眼,五月天,自傳
別惹我,五月天,時光機
孫悟空,五月天,神的孩子都在跳舞
永遠的永遠,五月天,人生海海
時光機,五月天,時光機
摩托車日記,五月天,為愛而生
瘋狂世界 #MaydayBlue20th,五月天,瘋狂世界 #MaydayBlue20th
倔強 live in the sky,五月天,五月天 突然好想見到你 live in the sky
我不願讓你一個人 live in the sky,五月天,五月天 突然好想見到你 live in the sky
戀愛ing,五月天,五月天 fly to 2023 諾亞方舟十週年線上特別版 LIVE
傷心的人別聽慢歌（貫徹快樂),五月天,傷心的人別聽慢歌（貫徹快樂)
最重要的小事,五月天,五月天 fly to 2023 諾亞方舟十週年線上特別版 LIVE
夜訪吸血鬼,五月天,五月天 fly to 2023 諾亞方舟十週年線上特別版 LIVE
諾亞方舟,五月天,第二人生(明日版)
為你寫下這首情歌,五月天,為你寫下這首情歌
讓我照顧你,五月天,五月天 fly to 2023 諾亞方舟十週年線上特別版 LIVE
錯錯錯,五月天,神的孩子都在跳舞
有你的將來,五月天,愛情萬歲
乾杯,五月天,步步 自選作品輯 The Best of 1999-2013
OAOA(現在就是永遠),五月天,第二人生(明日版)
離開地球表面 Life Live,五月天,五月天 人生無限公司 Life Live 完整收錄篇
溫柔,五月天,愛情萬歲
派對動物 Life Live,五月天,五月天 人生無限公司 Life Live 完整收錄篇
軋車,五月天,知足 just my pride 最真傑作選
三個傻瓜,五月天,第二人生(明日版)
擁抱,五月天,五月天 | 步步 | 自選作品輯 the Best of 1999-2013
我心中尚未崩壞的地方 Life Live,五月天,五月天 人生無限公司 Life Live 完整收錄篇
如煙,五月天,後 青春期的詩
盛夏光年,五月天,五月天 | 步步 | 自選作品輯 the Best of 1999-2013
倉頡,五月天,第二人生(明日版)
香水,五月天,五月天 好好好想見到你 Mayday fly to 2022 線上特別版 LIVE
愛情萬歲,五月天,五月天 好好好想見到你 Mayday fly to 2022 線上特別版 LIVE
叫我第一名 - Live,五月天,諾亞方舟 世界巡迴演唱會Live
2012,五月天,第二人生(明日版)
凍結,林俊傑,樂行者
生命有一種絕對,五月天,時光機
頑固,五月天,自傳
終於說出口,小宇 宋念宇,小宇同學就是我
開始懂了,孫燕姿,我要的幸福
戀愛ing,五月天,知足 just my pride 最真傑作選
情非得已,庾澄慶,海嘯
失落沙洲,徐佳瑩,徐佳瑩LaLa首張創作專輯
雙手插口袋,張震嶽,等我有一天
平常心,張惠妹,我要快樂 (Deluxe Version)
寂寞边界,張棟樑,From Now On 新歌＋精选
下一個天亮 - 第一波 / 韓劇家有七公主片尾曲,郭靜,下一個天亮
你那麼愛她,林隆璇;李聖傑,Men's Talk About Love新歌+1992~2005精選
我可以,蔡旻佑,蔡旻佑首張創作專輯 19
如果我變成回憶,TANK 呂建忠,第三回合
知足,五月天,知足 just my pride 最真傑作選
恆星的恆心,五月天,時光機
借問眾神明,五月天,人生海海
嘿!我要走了,五月天,五月天第一張創作專輯
憨人,五月天,愛情萬歲
孤單心事,Shadya Lan,終極一班 (電視原聲帶)
就是愛,JOLIN蔡依林,城堡
快樂崇拜,潘瑋柏;張韶涵,Wu Ha
今天沒回家 - Live,陶喆,Soul Power (Live Concert)
寂寞的季節 - Live,陶喆,Soul Power (Live Concert)
錯的人,蕭亞軒,蕭灑小姐
而我知道,五月天,時光機
暗號,周杰倫,八度空間
知道,張惠妹,發燒
我喜歡,梁靜茹,戀愛的力量
死了都要愛,信樂團,挑信
愛情的模樣,五月天,我們是五月天
彩虹,五月天,我們是五月天
擁抱,五月天,我們是五月天
溫柔,五月天,我們是五月天
生命有一種絕對,五月天,我們是五月天
瘋狂世界,五月天,我們是五月天
人生海海,五月天,我們是五月天
刀馬旦,李玟,COCO李玟 1994-2008年 豪華典藏精選
如果有一天,梁靜茹,戀愛的力量
天黑黑,孫燕姿,孫燕姿同名專輯
我要的幸福,孫燕姿,我要的幸福
終結孤單,五月天,愛情萬歲
星晴,周杰倫,同名專輯
可愛女人,周杰倫,同名專輯
無與倫比的美麗,蘇打綠,無與倫比的美麗
我好嗎,梁靜茹,我好嗎
Love Story,范逸臣,不說出的溫柔
其實都沒有,楊宗緯,初 . 愛
簡單愛,周杰倫,范特西
淘汰,陳奕迅,認了吧
回到過去,周杰倫,八度空間
蒲公英的約定,周杰倫,我很忙
陌生人,蔡健雅,陌生人
愛你不是兩三天,梁靜茹,戀愛的力量
夜夜夜夜 - Live,梁靜茹,time & love 演唱會Live全紀錄
偶陣雨,梁靜茹,愛久見人心
如果有一天,梁靜茹,勇氣
小手拉大手,梁靜茹,親親
分手快樂 - 獨唱版,梁靜茹,Sunrise 我喜歡
暖暖,梁靜茹,親親
勇氣,梁靜茹,勇氣
可惜不是你,梁靜茹,絲路
好朋友只是朋友,郁可唯,微加幸福
微加幸福,郁可唯,微加幸福
暖心,郁可唯,藍短褲
假裝,JOLIN蔡依林,舞孃
看我72變,JOLIN蔡依林,看我72變
舞孃,JOLIN蔡依林,舞孃
大藝術家,JOLIN蔡依林,大藝術家
檸檬草的味道,JOLIN蔡依林,城堡
Play我呸,JOLIN蔡依林,呸
布拉格廣場,JOLIN蔡依林,看我72變
怪美的,JOLIN蔡依林,Ugly Beauty
我知道你很難過,JOLIN蔡依林,1019
玫瑰少年,JOLIN蔡依林,Ugly Beauty
說愛你,JOLIN蔡依林,看我72變
沙灘,陶喆,陶喆同名專輯
普通朋友,陶喆,I'm O.K.
紅豆,方大同,Timeless
魚,陳綺貞,太陽
小情歌,蘇打綠,小宇宙
旅行的意義,陳綺貞,華麗的冒險
好膽你就來,張惠妹,阿密特意識專輯
壞的好人,張惠妹,偷故事的人
姊妹,張惠妹,姊妹
母系社會,張惠妹,AMIT2
最愛的人傷我最深,張惠妹,妹力新世紀
剪愛,張惠妹,姊妹
解脫,張惠妹,姊妹
掉了,張惠妹,阿密特意識專輯
記得,張惠妹;Jerry Lin,真實
如果你也聽說,張惠妹,Star
身後,張惠妹,偷故事的人
Kiss Goodbye,王力宏,蓋世英雄
女人心事,陶晶瑩,走路去紐約
親愛的對象 - 《關於我和鬼變成家人的那件事》電影主題曲,JOLIN蔡依林,親愛的對象 (《關於我和鬼變成家人的那件事》電影主題曲)
心中的遺憾,徐懷鈺,Bad Girl
流行主教,林俊傑,流行主教
裂縫中的陽光,林俊傑,因你 而在
新地球,林俊傑,新地球 - 人 (Special Edition)
前世情人,周杰倫,周杰倫的床邊故事
需要人陪,王力宏,十八般武藝
尋人啟事,徐佳瑩,尋人啟事
你給我聽好,陳奕迅,rice & shine
噗嚨共之歌,浩角翔起,笑一個 - EP
郊遊交很久,浩角翔起,食尚玩家之食神歸位大便當
妙妙妙,徐懷鈺,徐懷鈺 Yuki 第一張個人專輯
消愁,毛不易,平凡的一天
疼愛,蕭敬騰,同名專輯
怎麼說我不愛你,蕭敬騰,狂想曲
原諒我,蕭敬騰,同名專輯
讓我為你唱情歌,蕭敬騰,欲望反光
身騎白馬,徐佳瑩,徐佳瑩LaLa首張創作專輯
最熟悉的陌生人,蕭亞軒,蕭亞軒--
好想好想你,鄧紫棋,摩天動物園
黑月光,張碧晨;毛不易,黑月光
妳是我的花朵,伍佰,純真年代
玻璃心,黃明志;陳芳語,玻璃心
擋一根,美秀集團,電火王
捲菸,美秀集團,Sound Check
如果有如果,鄧福如 AFÜ,原來如此!!
男人哭吧不是罪,劉德華,男人的愛
晴天,周杰倫,葉惠美
愛的黑狗兄,蕭閎仁,法克這個人
山頂的黑狗兄,陳永龍,海岸線
笨小孩,劉德華,The Melody Andy Vol.8
我相信,楊培安,午夜兩點半的我
煙幕,陳忻玥,Am I Who I Am
浪子的心情,葉啟田,葉啟田30年週年2 (回饋演唱會特輯)
雙人枕頭,王建傑;江蕙,"鄉城台語精選, Vol. 1"
心花開,李千娜,愛到站了
無字的情批,黃乙玲,無字的情批
無誠勿愛,八三夭,大逃殺
偷偷的,MP魔幻力量,戰神
不愛我就拉倒,周杰倫,最偉大的作品
愛情抗體,許慧欣,快樂為主
頭號甜心,張韶涵,Ang5.0
走建國路回家但後座少ㄌ泥,多多 x 以捷,走建國路回家但後座少ㄌ泥
自然醒,林宥嘉,美妙生活
Di Da Di,李玟,CoCo 李玟 You&I 經典全紀錄
對面的女孩看過來,任賢齊,滾石香港黃金十年-任賢齊精選
下一個天亮,郭靜,致純靜 (新歌 + 精選)
夢一場,那英,乾脆
紅蜻蜓,小虎隊,紅蜻蜓
鹿港小鎮,羅大佑,之乎者也
童年,羅大佑,之乎者也
男兒的心聲,沈文程,"鄉城台語精選, Vol. 1"
大人物 - 電影《“大”人物》片尾曲,GAI周延,大人物-電影《“大”人物》片尾曲
而我知道 - Live,五月天,當我們混在一起 2005世界巡迴演唱會 (Live)
我是真的付出我的愛,周華健,光陰似健1987-1997
你是我的唯一,巫啟賢,太儍
我是真的愛你,李宗盛,滾石香港黃金十年-李宗盛精選
你走你的路,陳淑樺;李宗盛,給淑樺的一封信
我期待,張雨生;Mark,卡拉OK.台北.我
一見鍾情,藍心湄,十年為証 (1984 - 1994)
我不知道,動力火車,明天的明天的明天
夜訪吸血鬼,五月天,後 青春期的詩
DREAM LIKE ME,盧廣仲;The Black Skirts,DREAM LIKE ME
100種生活,盧廣仲,100種生活
慢靈魂,盧廣仲,慢靈魂
只有我的天空有烏雲 - Acoustic Version,洪安妮,只有我的天空有烏雲 (Acoustic Version)
Will You Remember Me,李玖哲,Will You Remember
失戀陣線聯盟,草蜢,失戀陣線聯盟
K歌之王,陳奕迅,打得火熱
慢慢喜歡你,莫文蔚,我們在中場相遇
落雨聲,江蕙,半醉半清醒
年輪,張碧晨,年輪（電視劇《花千骨》插曲）
燃燒,孫楠,燃燒
"不曾回來過 - 電視劇""通靈少女""插曲",李千娜,"不曾回來過 (電視劇""通靈少女""插曲)"
搞笑,羅志祥,潮男正傳
情人知己,梁文音,情人×知己
天使也會受傷,小男孩樂團,One Thing
小半,陳粒,小梦大半
北极星的眼泪,張棟樑,王子
被風吹過的夏天,金莎,空氣
開不了口,周杰倫,范特西
如果的事,范瑋琪;張韶涵,一比一
步步,五月天,步步
我不難過,孫燕姿,未完成
不是我不明白,梁靜茹,親親
潘朵拉,張韶涵,潘朵拉
戀人未滿,S.H.E,女生宿舍
原諒不美好,郁可唯,溫水
原不原諒,張學友,天下第一流
說不出原諒,戴愛玲,不只十二月 新歌加精選
原谅,蔡健雅,我要给世界最悠长的湿吻
我以為,品冠,愛到無可救藥
不是因為天氣晴朗才愛你,理想混蛋,不是因為天氣晴朗才愛你
刻在我心底的名字 (Your Name Engraved Herein) - 電影<刻在你心底的名字>主題曲,盧廣仲,刻在我心底的名字 (Your Name Engraved Herein)
小鎮姑娘,陶喆,I'm O.K.
愛情萬歲 - Live,五月天,諾亞方舟 世界巡迴演唱會Live
2012,五月天,五月天 fly to 2023 諾亞方舟十週年線上特別版 LIVE
你不是真正的快樂,五月天,五月天 fly to 2023 諾亞方舟十週年線上特別版 LIVE
星空,五月天,第二人生(末日版)
快樂崇拜,潘瑋柏;張韶涵,KTV大熱對唱
你最珍貴,張學友;高慧君,KTV大熱對唱
不得不愛,潘瑋柏;弦子,KTV大熱對唱
愛情電影,許茹芸;熊天平,KTV大熱對唱
製造浪漫,陳慧琳;鄭中基,KTV大熱對唱
当你孤单你会想起谁,張棟樑,From Now On 新歌＋精选
我們沒開始,周興哲,Almost 幾乎是愛情
最想環遊的世界,梁靜茹,戀愛的力量
彩虹,梁靜茹,戀愛的力量
不想睡,梁靜茹,戀愛的力量
為我好,梁靜茹,戀愛的力量
分手快樂 - 獨唱版,梁靜茹,戀愛的力量
無條件為你,梁靜茹,戀愛的力量
聽不到,梁靜茹,戀愛的力量
你還在不在,梁靜茹,美麗人生
眼淚的地圖,梁靜茹,美麗人生
最快樂那一年,梁靜茹,美麗人生
向左轉向右轉,梁靜茹,美麗人生
旅程,梁靜茹,美麗人生
第三者,梁靜茹,美麗人生
小小的愛情,梁靜茹,Sunrise 我喜歡
Sunrise,梁靜茹,Sunrise 我喜歡
我喜歡,梁靜茹,Sunrise 我喜歡
最後,梁靜茹,勇氣
多數是晴天,梁靜茹,勇氣
昨天,梁靜茹,勇氣
最爛的理由,梁靜茹,勇氣
沒有水的游泳池,梁靜茹,勇氣
半個月亮,梁靜茹,勇氣
愛你不是兩三天,梁靜茹,勇氣
兒歌,梁靜茹,別再為他流淚
風笛手,梁靜茹,別再為他流淚
原來你也唱過我的歌,梁靜茹,崇拜
知多少,梁靜茹,崇拜
一秒的天堂,梁靜茹,崇拜
每天第一件事,梁靜茹,崇拜
大人,梁靜茹,麋鹿
失戀無罪,A-Lin,天生歌姬
以前，以後,A-Lin,以前，以後
狂風裡擁抱 (信 feat. A-Lin),"A-Lin,信",Love Song (出道十周年情歌精選)
大大的擁抱,A-Lin,我們會更好的 (影音珍藏限量盤)
現在我很幸福,A-Lin,以前，以後
愛 請問怎麼走,A-Lin,天生歌姬
忘記擁抱 - 電影 「234說愛你」 主題曲,A-Lin,A-Lin原聲帶
拿走了什麼,A-Lin,罪惡感
小小的你,陶喆,再見你好嗎
因為愛,陶喆,再見你好嗎
好好說再見,陶喆;關詩敏,再見你好嗎
真愛等一下,陶喆;蔡健雅,再見你好嗎
一念之間,陶喆,再見你好嗎
序,梁靜茹,親親
憨過頭,梁靜茹,親親
四季,梁靜茹,親親
幸福洋菓子店,梁靜茹,親親
失憶,梁靜茹,親親
親親,梁靜茹,親親
不是我不明白,梁靜茹;盧廣仲,親親
只因为你,張棟樑,主打
集體孤獨 Being Lonesome Together,張棟樑,集體孤獨 Being Lonesome Together
痛彻心扉,張棟樑,主打
黄昏,張棟樑,From Now On 新歌＋精选
心型圈,JOLIN蔡依林,舞孃
放了自己,MP魔幻力量,不按牌理出牌
星晴,江美琪,美樂地
兩隻戀人,曹格,Superman
碎片,梁心頤,自由靈魂
到不了的幸福,畢書盡,Bii Story
猜心,方烱彬,壞人情歌：遺憾
逆時光的浪,畢書盡,逆時光的浪
膽小鬼,方烱彬,壞人情歌：遺憾
最好的結局,八三夭,最後的8/31
愛到瘋癲,動力火車,繼續轉動
來去台東,沈文程,1990台灣人 (沈文程台語原聲暢銷精選1)
飛機場的10:30,陶喆,陶喆同名專輯
他不愛我,莫文蔚,莫文蔚NO.1新曲+精選全紀錄20首
簡簡單單,林俊傑,編號89757
不為誰而作的歌,林俊傑,不為誰而作的歌
你，好不好？ - TVBS連續劇【遺憾拼圖】片尾曲,周興哲,愛，教會我們的事
將故事寫成我們,林俊傑,將故事寫成我們
一千年以後,林俊傑,林俊傑2003年-2010年作品精選集
Letter To Myself,太妍,Letter To Myself - The 6th Mini Album
一個人的精彩,蕭亞軒,紅薔薇 蕭亞軒
盲婚啞嫁,陳奕迅,CHIN UP!
就算我放棄了世界,鄭宜農,給天王星
說到愛,蔡健雅,說到愛
愛的飛行日記,周杰倫;楊瑞代,跨時代
慢慢,張學友,忘記你我做不到
天若有情 - 電視劇「錦繡未央」主題曲,A-Lin,天若有情 (電視劇「錦繡未央」主題曲)
我又初戀了,五月天,為愛而生
我怎麼哭了,八三夭,大逃殺
無人知曉,田馥甄,無人知曉
長鏡頭,那英,那又怎樣
她的背影 - Remastered,王傑,是否我真的一無所有 (Remastered)
忘了你忘了我,王傑,忘了你‧忘了我
誰明浪子心,王傑,誰明浪子心 (粵)
PK,梁靜茹;曹格,別再為他流淚
用力抱著,梁靜茹,別再為他流淚
別再為他流淚,梁靜茹,別再為他流淚
屬於,梁靜茹,別再為他流淚
趁早,張惠妹,不顧一切
你不在,王力宏,不可思議
愛久見人心,梁靜茹,愛久見人心
101,梁靜茹,崇拜
三吋日光,梁靜茹,崇拜
C'est La Vie,梁靜茹,崇拜
獨處的時候,蘇打綠,秋：故事
小時候,蘇打綠,小時候
獨處的時候,蘇打綠,小時候
別在傷口灑鹽,張惠妹,我可以抱你嗎?愛人
玫瑰少年,五月天,玫瑰少年
分享,伍思凱,最愛是你
我期待,陶晶瑩,陶子愛唱歌愛創作2001晶選集
你愛上的我,張智成,你愛上的...
花火,梁詠琪,花火
口是心非,張雨生,口是心非
遺憾,許美靜,遺憾
Superwoman,曹格,格格blue
其實你不懂我的心,童安格,其實你不懂我的心
淚海,許茹芸,淚海
"寶貝,對不起",草蜢,草蜢三合一珍藏集
心有獨鍾,陳曉東,心有獨鍾 (國)
上弦月,許志安,愛音樂三人行 - 許志安
從不喜歡孤單一個,彭家麗;蘇永康,彭家麗 至愛精選
男人不該讓女人流淚,蘇永康,Nice So Nice (舊愛還是最美)
別說,郭富城;Chen Wen Chuan,真的怕了
哪裡來的勇氣,陳大天,一百種失戀的方法
平凡之路,朴樹,獵戶星座
我的天空,南征北戰,南征北戰精選
袖手旁觀,林志炫,擦聲而過
暫時的男朋友,嚴爵,單細胞
你把我灌醉,動力火車,就是紅光輝全記錄
你把我灌醉,鄧紫棋,The Best of G.E.M. 2008 - 2012 (Deluxe Version)
衝動,蕭亞軒,三面夏娃 真摯的夏娃
進行式,胡彥斌;蕭亞軒,文武雙全 (升級版)
當你和心跳一起出現,蕭亞軒;陳偉,Naked Truth赤裸真相
遺失的心跳,蕭亞軒,蕭亞軒 (我愛我) 心跳100 [影音慶功版]
突然想起你,蕭亞軒,蕭亞軒--
下一個奇蹟,郭靜,陪著我的時候想著她
陪著我的時候想著她,郭靜,陪著我的時候想著她
白鴿,伍佰,白鴿
點煙,伍佰,少年吔，安啦！ 電影音樂專輯
少年吔，安啦！,伍佰,少年吔，安啦！ 電影音樂專輯
悄悄告訴你,范瑋琪,悄悄告訴你
最重要的決定,范瑋琪,Love & FanFan
到不了,范瑋琪,Faces of FanFan 新歌+精選
如果的事,范瑋琪;張韶涵,Faces of FanFan 新歌+精選
一個像夏天一個像秋天,范瑋琪,我們的紀念日
葉子,阿桑,薔薇之戀 (電視原聲帶)
Fine,太妍,My Voice - The 1st Album
名字,李榮浩,名字
咖啡,張學友,他在那裡
謝謝你的愛,劉德華,真經典 - 劉德華
感情放一邊,江蕙,感情放一邊
愛著愛著就永遠,田馥甄,渺小
哭砂 - Remastered,黃鶯鶯,讓愛自由 (Remastered)
哭砂,張惠妹,妹力四射 (1998 張惠妹演唱會提前先聽版)
自由活動,錦繡二重唱,我的SUPER LIFE
星期天不要見面,錦繡二重唱,情比姐妹深
讓我想一想,陳綺貞,命中注定我愛你 電視原聲帶
可惜不是你,梁靜茹,命中注定我愛你 電視原聲帶
我的快樂,錦繡二重唱,命中注定我愛你 電視原聲帶
用情,GAI周延;戴佩妮,用情
用情,張信哲,選哲
Sunshine,Monkey Majik,20th Anniversary BEST 花鳥風月
After Dinner,盧廣仲,慢靈魂
浮誇,陳奕迅,U 87
他不愛我,莫文蔚,做自己
安靜了,S.H.E,我的電台 FM S.H.E
短髮,梁詠琪,短髮
陰天,莫文蔚,滾石香港黃金十年-莫文蔚精選
那女孩對我說,黃義達,專屬密碼
迷人的危險,蔡黃汝,迷人的危險
感覺犯,MP魔幻力量,射手
不醉不會,田馥甄,渺小
三分甜,Lolly Talk,三分甜
心跳的证明,不是花火呀,心跳的证明
心電心,王心凌,心電心
特務J,JOLIN蔡依林,特務J
99次我愛他,元若藍,命中注定我愛你 電視原聲帶
我的未來式,郭采潔,隱形超人
逆战,張杰,One Chance 张杰新歌精选 2011这就是爱成都演唱会
等,陳百強;Bryan Choy Hin Lok;Chen Chi Hong,離不開精選
命運符號,李克勤,命運符號
Ming Xing,張國榮,Leslie Beloved
學生哥,許冠傑,許冠傑懷舊永恆金曲 Vol.3
幾分鐘的約會,陳百強,鑑聽寶典 Collection
你的眼神,林志美,完全精選3CD金碟系列-林志美
無心睡眠,張國榮,拒絕再玩
幾許風雨,羅文,羅文33首招牌歌
"婚紗背後 - 電視劇""流氓大亨""歌曲",徐小鳳,新曲與精選
靜夜的單簧管,王菲,You're The Only One
中華民國頌,費玉清,凝望
夢駝鈴,費玉清,費玉清國語精選
小城故事 - 2019 Remaster,費玉清,何日君再來 (2019 Remaster)
今夜擱再想你,費玉清,經典費玉清
忘不了,費玉清,唱一遍一遍
杏花溪之戀,費玉清,"費玉清老歌經典, Vol. 2"
原鄉人 - 2019 Remaster,費玉清,何日君再來 (2019 Remaster)
草原之夜,費玉清,風華再現
濤聲依舊,費玉清,天之大
水長流,費玉清,費玉清國語精選輯
蘇州河畔,費玉清,"費玉清老歌經典, Vol. 2"
夢裡相思,費玉清,群星會19 - 費玉清
庭園深深,費玉清,費玉清.只想聽見 費玉清 總精選
多情總為無情傷,費玉清;Chang Li;Chi Tian Zhe Ye;Yang-Fu,晚安曲
彎彎的月亮,費玉清,天之大
綠島小夜曲,費玉清,"費玉清老歌經典, Vol. 2"
昨夜小樓又東風,費玉清,天之大
秋蟬 - Remastered,費玉清,回想曲 青青校樹 (Remastered)
何日君再來 - 2019 Remaster,費玉清,何日君再來 (2019 Remaster)
塵緣,費玉清;Chang Li;Chi Tian Zhe Ye;Yang-Fu,晚安曲
在水一方 - 2019 Remaster,費玉清,2008 回想曲之情話綿綿 (2019 Remaster)
千里之外,周杰倫;費玉清,依然范特西
南屏晚鐘,費玉清,費玉清國語精選輯
春風吻上我的臉,費玉清,花開富貴迎新春
花開富貴,費玉清,花開富貴迎新春
晚安曲,費玉清;Chang Li;Chi Tian Zhe Ye;Yang-Fu,晚安曲
千里之外 - Remastered,費玉清,回想曲 青青校樹 (Remastered)
新鴛鴦蝴蝶夢,費玉清;Chang Li;Chi Tian Zhe Ye;Yang-Fu,晚安曲
明天會更好,蔡琴;余天;蘇芮;潘越雲;甄妮;李建復;林慧萍;王芷蕾;黃鶯鶯;洪榮宏;陳淑樺;金智娟;王夢麟;李佩菁;費玉清;齊豫;鄭怡;江蕙;楊林,明天會更好
一翦梅,費玉清,天之大
小城故事 - 電影《小城故事》主題曲,鄧麗君,天國的情人 - 鄧麗君逝世十周年紀念聲影存集
我只在乎你,鄧麗君,我只在乎你
我只在乎你（蘇打綠版）,蘇打綠,陪我歌唱（蘇打綠版）
忘記你我做不到,張學友,忘記你我做不到
用心良苦,張宇,奇蹟
城裡的月光,許美靜,遺憾
再回首,姜育恆,多年以後 / 再回首
明天你是否依然愛我,童安格,其實你不懂我的心
雲中月,沈文程;陳盈潔,"鄉城台語精選, Vol. 1"
小時候（蘇打綠版）,蘇打綠,你在煩惱什麼（蘇打綠版）
Yellow + 我最親愛的（蘇打綠版）,蘇打綠,你在煩惱什麼（蘇打綠版）
一起喔喔（蘇打綠版）,蘇打綠,你在煩惱什麼（蘇打綠版）
你在煩惱什麼（蘇打綠版）,蘇打綠;舒米恩,你在煩惱什麼（蘇打綠版）
控制狂（蘇打綠版）,蘇打綠,你在煩惱什麼（蘇打綠版）
當我們一起走過（蘇打綠版）,蘇打綠,你在煩惱什麼（蘇打綠版）
你被寫在我的歌裡（蘇打綠版）,蘇打綠;陳嘉樺,你在煩惱什麼（蘇打綠版）
永远不回头,星河群星,永远不回头 (國語暢銷金曲2歌唱版)
與我無關,阿冗,與我無關
命運的吉他,阿吉仔,江湖 畢生心血精華輯
OH LA LA LA (麥當勞40週年主題曲),JOLIN蔡依林,OH LA LA LA (麥當勞40週年主題曲)
我要你愛,美秀集團,多色寶山大王
囚鳥,張宇,溫古知新
走味的咖啡,林宴如,"鄉城台語精選, Vol. 1"
恰似你的溫柔 - Remastered,蔡琴,民歌蔡琴 (Remastered)
藝界人生,江蕙,酒後的心聲
給我一首歌的時間,周杰倫,魔杰座
藉口,周杰倫,七里香
倉頡,五月天,第二人生(末日版)
珊瑚海,周杰倫;梁心頤,11月的蕭邦
稻香,周杰倫,魔杰座
說好不哭,周杰倫;五月天 阿信,最偉大的作品
水手,鄭智化;Lin Zheng-Zhong (Jerry);Lou Ji-Zhen,私房歌
星星點燈,鄭智化;Weng Wei-Ming,星星點燈
眉飛色舞PLUS,八三夭;鄭秀文,一事無成的偉大 新歌加精選
無敵鐵金剛 (Live 版),盧廣仲,LIVE IN TICC 現場錄音專輯
蘭亭序,周杰倫,魔杰座
浪漫手機,周杰倫,11月的蕭邦
紅塵客棧,周杰倫,十二新作
反方向的鐘,周杰倫,杰倫
期待你的愛,林俊傑;金莎,JJ陸
東風破,周杰倫,葉惠美
耗盡,薛之謙;郭聰明,天外來物
黑色毛衣,周杰倫,11月的蕭邦
生生,林俊傑,新地球 - 人 (Special Edition)
生生,林俊傑,新地球
春梅（電視劇片尾曲）,袁詠琳,春梅 電視原聲帶
越唱越大聲（電視劇《春梅》片頭曲),葉懷佩,越唱越大聲
相信（蘇打綠版）,蘇打綠,無與倫比的美麗（蘇打綠版）
記念（蘇打綠版）,蘇打綠,陪我歌唱（蘇打綠版）
別人的 - 電影《孤味》片尾曲,徐若瑄,I'm V
天灰,S.H.E,不想長大
In Your Eyes,楊丞琳;羅志祥,雨愛
有點愛 (feat. Miusa妙莎),羅志祥;Miusa妙莎,有點愛 (feat. Miusa妙莎)
打電話給我,A/DA 阿達;Julia Wu 吳卓源,KTV大熱對唱
敗給你,羅志祥;蕭亞軒,KTV大熱對唱
我說寶貝 - 「動物系戀人啊」電視原聲帶,A/DA 阿達;Lulu黃路梓茵,KTV大熱對唱
打呼,潘瑋柏;楊丞琳,KTV大熱對唱
王見王,羅志祥,KTV大熱對唱
Funky那個女孩,大嘴巴;Xin Mei Lan,KTV大熱對唱
女孩們,楊丞琳;王心凌,KTV大熱對唱
練習愛情,王大文;陳芳語,KTV大熱對唱
今生註定,高明駿;王馨平,KTV大熱對唱
滿滿,梁文音;王錚亮,KTV大熱對唱
陪你等天亮,許慧欣;潘瑋儀,KTV大熱對唱
北極雪,陳慧琳;馮德倫,KTV大熱對唱
寬恕,神木與瞳,KTV大熱對唱
迷路在雲端,蕭煌奇;A-Lin,KTV大熱對唱
飄洋過海來看你,梁靜茹;艾怡良,KTV大熱對唱
戀愛頻率,許志安;許慧欣,KTV大熱對唱
一顆蘋果 Life Live,五月天,五月天 人生無限公司 Life Live 好友加班篇
如果我們不曾相遇 Life Live,五月天,五月天 人生無限公司 Life Live 好友加班篇
I'm in Love Life Live,五月天;GLAY TERU,五月天 人生無限公司 Life Live 好友加班篇
盛夏光年 × HIP HOP MAN Life Live,五月天;MC Jin,五月天 人生無限公司 Life Live 好友加班篇
笨小孩 Life Live,五月天;吳宗憲,五月天 人生無限公司 Life Live 好友加班篇
孫悟空 Life Live,五月天;張國璽,五月天 人生無限公司 Life Live 好友加班篇
傷心的人就聽撐腰 Life Live【撐腰OT：WIGGLE DANCE】,五月天;羅志祥,五月天 人生無限公司 Life Live 好友加班篇
離開地球表面 Life Live,五月天;李榮浩,五月天 人生無限公司 Life Live 好友加班篇
私奔到月球 Life Live,五月天;陳綺貞,五月天 人生無限公司 Life Live 好友加班篇
你不是真正的快樂+天空 Life Live,五月天;JOLIN蔡依林,五月天 人生無限公司 Life Live 好友加班篇
愛情的模樣 Life Live,五月天;田馥甄,五月天 人生無限公司 Life Live 好友加班篇
疼愛 Life Live,五月天;蕭敬騰,五月天 人生無限公司 Life Live 好友加班篇
我不會唱歌,羅志祥,舞所不在
自我催眠,羅志祥,催眠Show
好朋友,羅志祥,SPESHOW
垃圾寶貝,林宥嘉,垃圾寶貝
Don't Worry About Me,瘦子E.SO,Outta Body靈魂出竅
找自己,陶喆,I'm O.K.
思凡,林宥嘉,大小說家
神秘嘉賓,林宥嘉,神秘嘉賓
致姗姗来迟的你,阿肆;林宥嘉,我愚蠢的理想主义
修煉愛情,林俊傑,因你 而在
你要的愛 - 心動版,戴佩妮,你要的愛
逆光,孫燕姿,逆光
天天,陶喆,樂之路
非你莫屬,TANK 呂建忠,延長比賽 Keep Fighting
就站在這裡,小宇 宋念宇,就站在這裡
一直很安靜,阿桑,寂寞在唱歌
只是太愛你,張敬軒,是時候...
年輕不要留白,城市少女,年輕不要留白
這天（蘇打綠版）,蘇打綠,無與倫比的美麗（蘇打綠版）
偏愛,張芸京,破天荒
訣愛 (劇集《蒼蘭訣》片頭曲),Faye 詹雯婷,訣愛
好心分手,盧巧音,賞味人間
別怕變老,王以太;艾熱AIR,倖存者的負罪感
少女,林宥嘉,少女
五天幾年,林凡,犀利人妻。幸福秘笈 音樂圖文原聲帶
五天幾年,林凡,眼淚流回去
心願便利貼 - 台視、三立《命中注定我愛你》片尾曲,元若藍;大Q秉洛,命中注定我愛你 電視原聲帶
愛*轉角,羅志祥,SPESHOW
彩虹的微笑 - 微笑pasta主題曲,王心凌,微笑pasta 電視原聲帶
彩虹的微笑,王心凌,My! Cyndi!
星光,S.H.E,Forever 新歌+精選
粗線條 (feat. 林美秀),林育羣;林美秀,巨星金曲-合唱篇
人海中遇見你,林育羣,婚禮歌手-緣定一生情歌精選
當我變成我們,鼓鼓 呂思緯,跳舞在米蘭
嗜愛動物,麋先生,嗜愛動物
不小心愛上你 ft. 魏如萱 waa wei,甜約翰 Sweet John;魏如萱,In Mind
喜欢你,陳潔儀,伤心
麻雀,李榮浩,麻雀
別找我麻煩,蔡健雅,說到愛
Baby對不起,李玟,CoCo 李玟 You&I 經典全紀錄
Lemon Tree,蘇慧倫,LEMON TREE
再也想不起那時候的我,采子,再也想不起那時候的我
不存在的情人,林俊傑,學不會
浪漫血液,林俊傑,新地球 - 人 (Special Edition)
陰天,莫文蔚,含情莫莫.莫文蔚全精選集
那個男人,楊宗緯,原色
遺憾,方烱彬,壞人情歌：遺憾
喜歡妳,Beyond,秘密警察 (正東 10 x 10 我至愛唱片)
白色風車,周杰倫,依然范特西
花火,丁噹;五月天 阿信,夜貓
走火入魔,丁噹;五月天 阿信,我愛上的
海闊天空,信樂團,海闊天空
蝴蝶,胡彥斌,音乐密码
有個愛你的人不容易,那英,夏洛特煩惱 電影原聲帶
愿得一人心《最美的时光》主题曲,雨宗林;李行亮,愿得一人心《最美的时光》主题曲
野子,蘇運瑩;田馥甄,野子
有多少愛可以重來,迪克牛仔,傳奇
祈禱,李崗霖,祈禱
過得去 - <我租了一個情人>插曲,蘇盈之,幸福就好
心愛的人,黃小琥,放心不下
無神論 - 中文版,黃立行,Atheist Like Me
關於我們,痞客四,我的王國
絕,傅又宣-傅珮嘉,傅珮嘉
我想你的快樂是因為我,洛客班,人生證明
一直想着他,莊心妍,一直想着他
五月天,S.H.E,Play
Can't Control Myself,太妍,INVU - The 3rd Album
我不知道愛是什麼,艾怡良,大人情歌
愛存在,王詩安,終極X宿舍 (電視原聲帶)
空,汪小敏,空
愛要有你才完美 (Remastered),那英,征服 (Remastered)
早熟,王詩安,你好嗎
如果沒有你,莫文蔚,如果沒有你
防空洞,戴佩妮,好佩妮
親愛的你怎麼不在身邊,江美琪,想起
你是我最深愛的人,Shaun,永邦同名專輯
我恨我愛你,張惠妹,真實 (Remastered)
是我不夠好,李毓芬,是我不夠好
走著走著就散了,莊心妍,走著走著就散了
曖昧,薛之謙,渡
藍色眼睛,展翼(ZAYIN),ZAYIN同名專輯
普通朋友的朋友,蔡昌憲,我可能不會愛你OST
相愛後動物感傷 - Remastered,張惠妹,阿密特 意識專輯 (Remastered)
雙棲動物,蔡健雅,雙棲動物
戀愛達人,羅志祥,達人Show
怎麼還不愛(雀躍狂愛版) 三立偶像劇[料理高校生]片尾曲 (with 余楓),楊凱琳;余枫,一直微笑
愛,莫文蔚,[i]
洋蔥,五月天,五月天 | 步步 | 自選作品輯 the Best of 1999-2013
跳痛,戴愛玲,跳痛
太委屈,陶晶瑩,愛缺
雙手的溫柔,江美琪,悄悄話
狂風裡擁抱,信;A-Lin,我記得 (珍藏盤)
你是唯一,五月天,五月天 | 步步 | 自選作品輯 the Best of 1999-2013
好的情人,嚴爵,好的情人
好心分手 (feat. Leehom Wang),盧巧音;王力宏,不能不愛…盧巧音精選
不只是朋友,丁噹,【下一站，天后】自選+精選
我會在你身邊,朱俐靜,女神Miu朱俐靜 存在的力量
眼底星空,李聖傑,關於妳的歌
天后,陳勢安,再愛一遍‧天后陳勢安
還是要幸福,田馥甄,My Love
愛了很久的朋友 - 電影《後來的我們》插曲,田馥甄,愛了很久的朋友 (電影《後來的我們》插曲)
以後別做朋友,周興哲,學著愛
倒數,鄧紫棋,倒數
寂寞寂寞就好,田馥甄,To Hebe
你要的愛(深夜版) - 電視劇「流星花園」插曲,戴佩妮,你要的愛(深夜版) [電視劇「流星花園」插曲]
有一種悲傷 - 電影《比悲傷更悲傷的故事》主題曲,A-Lin,有一種悲傷 (電影《比悲傷更悲傷的故事》主題曲)
浪流連,茄子蛋,浪流連
來自天堂的魔鬼,鄧紫棋,新的心跳
可惜你不在,戴愛玲,Magic 戴愛玲
新的心跳,鄧紫棋,新的心跳
最笨的人是我,方烱彬,我不是神
愛如潮水,張信哲,絕對收藏張信哲
如果有如果,鄧福如 AFÜ,原來如此
大火,李佳薇,感謝愛人
千年之戀,飛兒樂團,無限
好的事情,嚴爵,不孤獨
男人KTV,胡彥斌,男人歌 (全胜铂金版)
演员,薛之謙,绅士
那些年,胡夏,燃點
愛的主場秀,羅志祥,羅生門
將軍令,五月天,將軍令
明天再擱來,玖壹壹,玖肆伍叁
致青春,八三夭,一事無成的偉大 新歌加精選
追追追 - Live,蘇打綠,十年一刻
天后,陳勢安,天后
3D舞力全失,自由發揮,電影原聲帶
不按牌理出牌,MP魔幻力量,不按牌理出牌
王子的新衣,蕭敬騰,同名專輯
第一天,孫燕姿,完美的一天
大藝術家,JOLIN蔡依林,MUSE IN LIVE (Deluxe Version)
撐腰,羅志祥,潮男正傳
精舞門,羅志祥,SPESHOW
姐姐,謝金燕,跳針舞曲2013
搖勒搖勒,八三夭,大逃殺
飄向北方,黃明志;王力宏,亞洲通車
射手,MP魔幻力量,射手
癡情玫瑰花,Under Lover;春風,Lover
十年一刻,蘇打綠,十年一刻
國境之南,范逸臣,《海角七號》電影原聲帶
我,JOLIN蔡依林,MUSE
多遠都要在一起,鄧紫棋,新的心跳
你不知道的事,王力宏,十八般武藝
你是我的眼,蕭煌奇,你是我的眼
放棄,陳忻玥,放棄
溫柔 #MaydayBlue20th - feat.孫燕姿,五月天;孫燕姿,溫柔 #MaydayBlue20th
魔鬼中的天使,田馥甄,My Love
Love Song,方大同,未來
你就不要想起我,田馥甄,渺小
帶我去找夜生活,告五人,帶我去找夜生活
踮起腳尖愛,洪佩瑜,超級偶像　Super! I Do!
藍眼睛（蘇打綠版）,蘇打綠,陪我歌唱（蘇打綠版）
Live House,盧廣仲,Live House
"起风了 - 电视剧""加油你是最棒的""主题曲",吳青峰,"起风了 (电视剧""加油你是最棒的""主题曲)"
天天,陶喆,I'm O.K.
狠角色,張惠妹,發燒
難搞,張惠妹,AMIT2
不顧一切,張惠妹,不顧一切
跳進來,張惠妹,偏執面
都對也都錯,張惠妹,偏執面
黑吃黑,張惠妹,阿密特意識專輯
最後一次,張惠妹,不顧一切
紅顏如霜,周杰倫,最偉大的作品
魔術先生,周杰倫,魔杰座
還在流浪,周杰倫,最偉大的作品
讓我留在你身邊,陳奕迅,讓我留在你身邊
膽小鬼,梁詠琪,順時針 (新歌+精選)
無間道,任賢齊;梁漢文,無間道
紅豆,王菲,唱遊
聽海,張惠妹,Bad Boy
情路無尾巷,蕭煌奇,思念會驚
看見,李聖傑;蕭煌奇,痴心絕對
愛作夢的人,蕭煌奇,愛作夢的人
說故事的歌,蕭煌奇,說故事的歌
沒那麼簡單,蕭煌奇,沒那麼簡單
阿嬤的話,蕭煌奇,黑色吉他
上水的花,蕭煌奇,上水的花
好好先生,蕭煌奇,好好先生
寫一條歌，寫你我爾爾,蕭煌奇;茄子蛋,舞台
未單身,A-Lin,A-LIN同名專輯
寂寞不痛,A-Lin,寂寞不痛
好朋友的祝福,A-Lin,幸福了 然後呢 (影音慶功版)
失戀無罪,A-Lin,失戀無罪
摩天動物園,鄧紫棋,摩天動物園
漂向北方,黃明志;鄧紫棋,漂向北方
透明,鄧紫棋,摩天動物園
倒數,鄧紫棋,另一個童話
句號,鄧紫棋,摩天動物園
泡沫,鄧紫棋,Xposed
很久以後 - 電影《可不可以，你也剛好喜歡我》主題曲,鄧紫棋,摩天動物園
再見,鄧紫棋,新的心跳
菊花台,周杰倫,依然范特西
時光機,周杰倫,魔杰座
給我你的愛,TANK 呂建忠,Fighting!生存之道
我只想在乎我在乎的,白安,麥田捕手
喜歡寂寞,蘇打綠,你在煩惱什麼
香水,五月天,為愛而生
好不好,五月天,人生海海
他一定很愛你,阿杜,天黑
下雨天,南拳媽媽,優的良曲南搞小孩
空白格,蔡健雅,Goodbye & Hello
我要快樂,張惠妹,我要快樂 (Deluxe Version)
心牆,郭靜,在樹上唱歌
我愛你,盧廣仲,100種生活
梁山伯與茱麗葉,卓文萱;曹格,十年曹格 「小小」特別企劃數位精選
成全,劉若英,年華
領悟,辛曉琪,領悟
龍捲風,周杰倫,同名專輯
大約在冬季,齊秦,ELEMENTS -國語歌曲
記得,張惠妹,真實 (Remastered)
無間道 - 粵,劉德華,繼續談情 新歌 & 精選
愛要怎麼說出口,趙傳,一顆滾石的25年
火柴天堂,熊天平,十年全纪录
千年之戀,信樂團,海闊天空
本草綱目,周杰倫,依然范特西
燕尾蝶,梁靜茹,燕尾蝶<下定愛的決心>
倒帶,JOLIN蔡依林,城堡
來生緣,劉德華,來生緣
雨一直下,張宇,男人的好　新歌精選影音全記錄
月亮惹的禍,張宇,奇蹟
一言難盡,張宇,一言難盡
安妮,王傑,一場遊戲一場夢
第三人稱,JOLIN蔡依林,呸
夠愛,東城衞,東城衞 (同名迷你專輯)
K歌之王,陳奕迅,反正是我
明明就,周杰倫,十二新作
年少有為,李榮浩,耳朵
少一點天份,孫盛希,俏摩女搶頭婚 電視原聲帶
連名帶姓,張惠妹,偷故事的人
怎麼了,周興哲,終於了解自由
聽見下雨的聲音（電影主題曲）,魏如昀,聽見下雨的聲音
十萬毫升淚水,蔡健雅,天使與魔鬼的對話
恆溫,孫盛希,Girls
我最親愛的,張惠妹,你在看我嗎
這天（蘇打綠版）,蘇打綠,這天（蘇打綠版）
這天,蘇打綠,無與倫比的美麗
手心的薔薇,林俊傑;鄧紫棋,新地球
挪威的森林,伍佰,愛情的盡頭
小手拉大手,梁靜茹,現在開始我愛你[戀愛的力量][下集]新歌+精選
路口,張震嶽,OK
讓你媽媽NEW一下,庾澄慶,到死都要18歲
黃昏,周傳雄,Transfer
無底洞,蔡健雅,陌生人
岩石裡的花,鄧紫棋,睡皇后
A.I.N.Y.,鄧紫棋,18…
天空沒有極限,鄧紫棋,啓示錄
不想懂得,張韶涵,Ang5.0
歐若拉,張韶涵,歐若拉
C大調,張韶涵,夢裡花
山丘,李宗盛,山丘
讓我歡喜讓我憂,周華健,滾石香港黃金十年-周華健精選
我終於失去了妳,趙傳,我終於失去了妳
夢醒時分,陳淑樺,跟你說聽你說
他夏了夏天,蘇打綠,夏 / 狂熱
掌心,無印良品,掌心
暗戀,張智成,暗戀
大約在冬季,齊秦,齊秦精選
慢冷,蕭煌奇,說故事的歌
你怎麼捨得我難過,黃品源,男配角心聲
愛我的人和我愛的人,裘海正,愛我的人和我愛的人
舊愛還是最美,蘇永康,Nice So Nice (舊愛還是最美)
什麼風把你吹來的,范逸臣,搖滾吧，情歌!
有星星的晚上,旺福,旺福誌
想太多,李玖哲,想太多
二十二,陶喆,黑色柳丁
問 - Live,陳淑樺,給淑樺的一封信
魔鬼中的天使+你就不要想起我 (Live),田馥甄,IF only 如果 田馥甄巡迴演唱會 (Live)
懸日,田馥甄,無人知曉
Run Away,陶喆,Live Again 陶喆小人物狂想曲現場專輯
Runaway,陶喆,樂之路
北斗星,温嵐,有點野
有夢不難,林俊傑,"""和自己對話"" 實驗專輯"
越唱越大聲,葉懷佩,春梅電視原聲帶
愛越遠越重,邱凱偉,春梅電視原聲帶
春風偷偷講,林予晞,春梅電視原聲帶
想你彼一眠(OT:想你就寫信),宋健彰(彈頭),春梅電視原聲帶
愛你一個人,邱凱偉,春梅電視原聲帶
我是如此相信,周杰倫,我是如此相信
她的睫毛,周杰倫,葉惠美
爺爺泡的茶,周杰倫,八度空間
米蘭的小鐵匠,周杰倫,八度空間
上海一九四三,周杰倫,范特西
怪天氣,YELLOW黃宣;9m88,怪天氣
手機錢包鑰匙菸 feat.Crowd Lu,美秀集團;盧廣仲,Amazing Show同名專輯
大風吹,草東沒有派對,醜奴兒
山海,草東沒有派對,醜奴兒
口袋的天空,張韶涵,潘朵拉
夢裡花,張韶涵,夢裡花
寓言,張韶涵,Over The Rainbow
淋雨一直走,張韶涵,有形的翅膀
男人KTV,胡彥斌,音乐斌潮
天機,MP魔幻力量;五月天 阿信,射手
忘了怎麼愛你,MP魔幻力量,射手
你的情歌 (電影《你的情歌》主題曲),TANK 呂建忠,你的情歌 (電影《你的情歌》主題曲)
寂寞考,盧廣仲,100種生活
無敵鐵金剛,盧廣仲,100種生活
別殺我,盧廣仲,100種生活
風雨,盧廣仲,七天
七天,盧廣仲,七天
愛情，習作,盧廣仲,七天
OH YEAH!!!,盧廣仲,七天
港邊男兒,盧廣仲,慢靈魂
別在我睡著的時候打電話給我,盧廣仲,慢靈魂
不想去遠方,盧廣仲,慢靈魂
就像白癡一樣,盧廣仲,慢靈魂
蚊子,盧廣仲,慢靈魂
壞掉了,盧廣仲,慢靈魂
雨時多雲偶陣晴 (uWEATHER),盧廣仲,勵志論 (healism)
天黑黑 (Cloudy Day) - 戲劇《台灣犯罪故事》主題曲,盧廣仲,天黑黑 (Cloudy Day)
愛情怎麼了嗎,盧廣仲,愛情怎麼了嗎
霍元甲,周杰倫,霍元甲EP
蝸牛,周杰倫,范特西EP
你不是真正的快樂,鄧紫棋,女也
逃亡,孫燕姿,風箏
我也很想他,孫燕姿,孫燕姿STEFANIE同名專輯
"半句再見 - From ""At Café 6"" / Main Theme Song",孫燕姿,半句再見
我的愛,孫燕姿,孫燕姿STEFANIE同名專輯
原點,孫燕姿;蔡健雅,T-TIME新歌精選
愛情證書 - Remastered,孫燕姿,同名專輯 (Remastered)
壞天氣,孫燕姿,我要的幸福
害怕,孫燕姿,我要的幸福
風箏,孫燕姿,風箏
原來你什麼都不要,孫燕姿,自選集
綠光,孫燕姿,風箏
戒斷,張惠妹,偷故事的人
這樣你還要愛我嗎,張惠妹,偏執面
火,張惠妹,也許明天
你好不好,張惠妹,也許明天
我可以抱你嗎,張惠妹,我可以抱你嗎?愛人
你是愛我的,張惠妹,Star
我無所謂,張惠妹,妹力四射 (1998 張惠妹演唱會提前先聽版)
裝醉,張惠妹,偷故事的人
我恨我愛你,張惠妹;Darren S,真實
默,張惠妹,默
緩緩,張惠妹,緩緩
掉了,張惠妹,阿密特意識專輯 (感官升級版)
High High High,張惠妹,1996-2002妹力最精選
對等關係 (feat. 張惠妹),李榮浩;張惠妹,對等關係 (feat. 張惠妹)
最愛的人傷我最深,張雨生;張惠妹,紅色熱情
三月,張惠妹,偏執面
Booty Call,張惠妹,偏執面
一個人跳舞,張惠妹,Bad Boy
因為你沒說,張惠妹,真實 (Remastered)
我愛的人,陳小春,抱一抱
只是不夠愛自己,丁噹,當我的好朋友
很愛過一個人,丁噹,很愛過一個人
末班車,蕭煌奇,孤獨的和弦
我還是愛著你,MP魔幻力量,戰神
洋蔥,五月天,步步 自選作品輯 The Best of 1999-2013
偷故事的人,張惠妹,偷故事的人
手掌心,丁噹,敢愛敢當
分手後不要做朋友,梁文音,漫情歌
好愛好散,陳勢安,親愛的偏執狂
喜劇之王,李榮浩,李榮浩
大齡女子,彭佳慧,大齡女子
你要的愛,戴佩妮,好佩妮
謝謝妳愛我,謝和弦,要你知道
家家酒,家家,還是想念
像天堂的懸崖,李佳薇,天堂/懸崖
幸福太短 - 電視劇「奇妙的時光之旅」片尾曲,A-Lin,幸福太短 (電視劇「奇妙的時光之旅」片尾曲)
演員,薛之謙,初學者
帥到分手,周湯豪,REAL
魚仔 - 電視劇<花甲男孩轉大人>主題曲,盧廣仲,魚仔
喜歡你,鄧紫棋,喜歡你 - Single
剛剛好,薛之謙,初學者
忘記擁抱 - 電影 「234說愛你」 主題曲,A-Lin,忘記擁抱 (電影 「234說愛你」 主題曲)
新不了情,蕭敬騰,愛的時刻 自選輯
體面（電影《前任3：再見前任》插曲）,于文文,體面（電影《前任3：再見前任》插曲）
唯一,王力宏,The Only One
永不失聯的愛 [原創概念版],周興哲,永不失聯的愛 [原創概念版]
丑八怪,薛之謙,意外
說散就散,JC 陳詠桐,說散就散
刚好遇见你,李玉剛,刚好遇见你
如果雨之後,周興哲,如果雨之後
你还要我怎样,薛之謙,意外
光年之外 (電影 《Passengers》 中國區主題曲),鄧紫棋,光年之外 (電影 《Passengers》 中國區主題曲)
紅模仿,周杰倫,依然范特西
但願人長久,王菲,菲賣品
那就這樣吧,動力火車,再見我的愛人
矜持,王菲,天空
明年今日,陳奕迅,The Line-Up
因為愛情,陳奕迅;王菲,Stranger Under My Skin
愛相隨,周華健,愛相隨
當愛已成往事,林憶蓮;李宗盛,回憶蓮蓮
Wonderful tonight,方大同,Timeless
匆匆那年,王菲,匆匆那年
每天愛你多一些,張學友,情不禁- 張學友
一場遊戲一場夢,王傑,一場遊戲一場夢
追光者 (電視劇《夏至未至》插曲),岑寧兒,電視劇《夏至未至》原聲帶
告白氣球,周杰倫,周杰倫的床邊故事
單車,陳奕迅,Shall We Dance? Shall We Talk!
我會好好的,王心凌,Cyndi With U
明天我要嫁給你,周華健,花心
太想愛你,張信哲,夢想
情人,杜德偉,滾石香港黃金十年-杜德偉精選
鍾愛一生,杜德偉,MY LOVE
天高地厚,信樂團,天高地厚
傷痕,林憶蓮,"Love, Sandy"
天真,杜德偉,天真
許願,梁詠琪;古巨基,許願
曲終人散,張宇,奇蹟
白天不懂夜的黑,林隆璇,如果沒有...林隆璇
寬恕,神木與瞳,守護者
征服 (Remastered),那英,征服 (Remastered)
把你藏起來,杜德偉,獨領風騷
給你們,張宇,男人的好　新歌精選影音全記錄
勇敢一點,趙傳,勇敢一點
記得愛,阿沁,梵谷的左耳
快樂天堂,群星,快樂天堂
我很醜，可是我很溫柔,趙傳,"我很醜,可是我很溫柔"
三國戀,TANK 呂建忠,Fighting!生存之道
外婆的澎湖灣,潘安邦,外婆的澎湖灣
承認,辛曉琪,每個女人
專屬天使,TANK 呂建忠,延長比賽 Keep Fighting
我是一隻小小鳥,趙傳,一顆滾石的25年
味道,辛曉琪,味道
不要對他說,張信哲,寬容
新不了情,萬芳,斷線
你是我的OK繃,浪花兄弟,同名專輯
愛情電影,許茹芸;熊天平,茹此精彩十三首
練習愛情,王大文;陳芳語,你好
割愛,萬芳,割愛
愛就一個字,張信哲,我好想
大雨的夜裡,張清芳,張清芳 25th 那些你最喜歡的歌
最嚮往的地方,林俊傑,倖存者
七里香,周杰倫,七里香
夜曲,周杰倫,11月的蕭邦
我們都傻,楊丞琳,仰望
你的微笑,飛兒樂團,飛兒樂團
你不是真正的快樂,五月天,後 青春期的詩
帶我走,楊丞琳,半熟宣言
海闊天空,Beyond,華納廿三週年紀念精選系列 - Beyond
無條件為你,梁靜茹,閃亮的星
遺失的美好,張韶涵,Over The Rainbow
猜不透,丁噹,我愛上的
最熟悉的陌生人,蕭亞軒,首選蕭亞軒-美麗的插曲
我愛他,丁噹,夜貓
後來,劉若英,我等你
至少還有你,林憶蓮,林憶蓮
梁山伯與茱麗葉,卓文萱;曹格,習慣
突然好想你,五月天,後 青春期的詩
依然愛你,王力宏,火力全開
江南,林俊傑,第二天堂
你要的愛,戴佩妮,怎樣
Lydia,飛兒樂團,飛兒樂團
接受,梁靜茹,燕尾蝶<下定愛的決心>
熱帶雨林,S.H.E,青春株式會社
勇氣,梁靜茹,戀愛的力量
十年,陳奕迅,黑·白·灰
我們的愛,飛兒樂團,飛兒樂團
"愛, 很簡單",陶喆,陶喆同名專輯
雨愛,楊丞琳,雨愛
愛你,陳芳語,Kimberley首張同名專輯
曖昧,楊丞琳,曖昧
流星雨,F4,流星雨
屋頂,温嵐;周杰倫,有點野
想你的夜 (未眠版),關喆,寂寞 (特別版)
我懷念的,孫燕姿,逆光
髮如雪,周杰倫,11月的蕭邦
Last Dance,伍佰,愛情的盡頭
我還想她,林俊傑,JJ陸
我很醜可是我很溫柔,趙傳,一顆滾石的25年
童年,張艾嘉,童年
為我好,梁靜茹,美麗人生
吻別,張學友,吻別
比我幸福,陳曉東,比我幸福
Piano,范逸臣,范逸臣第一張個人專輯
過火,張信哲,寬容
真實,張惠妹,真實 (Remastered)
煎熬,李佳薇,感謝愛人
太傻,巫啟賢,太儍
不甘心不放手,動力火車,無情的情書
值得,鄭秀文,Unforgettable
一千個世紀,五月天,為愛而生
無樂不作,范逸臣,無樂不作
最好的一天,五月天,自傳
天使,五月天,為愛而生
星空,五月天,第二人生(明日版)
你的神曲,五月天,你的神曲
第二人生,五月天,第二人生(明日版)
心中無別人,五月天,愛情萬歲
純真,五月天,人生海海
Nothing's gonna change my love for you,方大同,Timeless
三人遊,方大同,橙月
聊傷,畢書盡,聊傷
路 (公視台語台《自由的向望》主題曲),謝銘祐,路
那女孩對我說,梁文音,#2019還在聽
My Neighbor Totoro,井上杏美,My Neighbor Totoro Image Song Collection
愛與愁,伍思凱,"收集伍思凱: 創作自選輯, Vol. 2"
All about you,太妍,Hotel Del Luna OST Part.3
擱淺,周杰倫,七里香
T1213121,五月天,第二人生(明日版)
Naked Heart,愛繆,Heard that there's good pasta
Marigold,愛繆,Momentary Sixth Sense
有多少愛可以重來,迪克牛仔,唱響經典港樂
要不要跟我出去走一走,公館青少年 GGteens,我其實一點都不酷
你朝我的方向走來,馬念先;9m88,你朝我的方向走來
降雨機率,甜約翰 Sweet John,Dear
卡加布烈島,YOYO家族藝人,YoYo點點名5 郊遊點點名
徘徊,AKASAKI,徘徊
DEADPOOL feat. 花譜,Hoshimachi Suisei;花譜,新星目録
糸,花譜,観測
你的答案,阿冗,你的答案
琵琶行,奇然;沈謐仁,琵琶行
四季予你,程響,四季予你
少年,梦然,少年
从前说,小阿七,从前说
白月光与朱砂痣 - 中英文版,大籽;嘿人李逵Noisemakers,白月光与朱砂痣 (中英文版)
最炫民族风,凤凰传奇,最炫民族风
Funky那個女孩,大嘴巴;Xin Mei Lan,有事嗎?
圍牆,李玖哲,想太多
MAGO,GFRIEND,回:Walpurgis Night
鬼島,黃明志;大支,亞洲通話
玻璃心,黃明志;陳芳語,鬼才做音樂
學廣東話,黃明志,亞洲通殺
唱廣東歌,黃明志;盧巧音,亞洲通牒
牆外,黃明志;小花,牆外
不到海南島,黃明志;林俊逸,亞洲通牒
擊敗人,黃明志,亞洲通吃
笑著回家,黃明志,笑著回家
泰國情哥,黃明志,亞洲通緝
泰國恰恰 (Thai Cha Cha),黃明志;Bie The Ska,泰國恰恰 (Thai Cha Cha)
五百,黃明志,五百
飆高音,黃明志,亞洲通殺
被動 - Live,伍佰,夏夜晚風 演唱會精選實錄 - 搖滾·浪漫 (Live)
PEACH,大塚 愛,LOVE PiECE
金魚花火,大塚 愛,LOVE JAM
謝謝你的愛,劉德華,勁歌精選
如果妳是我的傳說,劉德華,如果你是我的傳說
我恨我痴心,劉德華,劉德華
來生緣,劉德華,勁歌精選
情感的禁區,劉德華,情感的禁區
一秒也好,卓文萱,【1+1】Play n Fun珍選集
Do Re Mi - 台語版,旺福,旺福誌
一人一半,旺福,一人一半
我當你空氣,旺福,旺情歌
莎喲娜拉 Sayonara (俗女養成記2主題曲),旺福,你好我好大家好
癡情男子漢,玖壹壹;Under Lover 睿兒,打鐵
來個蹦蹦,玖壹壹;陳嘉樺,LOCAL
自由,張震嶽,祕密基地
眷戀,飛兒樂團,飛行部落
滯留鋒,理想混蛋,滯留鋒
離開的一路上,理想混蛋,半熟理想
如果你也聽說,張惠妹,星
好膽你就來,張惠妹,阿密特
可以不可以,卓文萱,習慣
初戀,川島茉樹代Makiyo,存錢
夏天,李玖哲,好玖
一個人生活 - 2012幸福蛻變版,林凡,犀利人妻 電影原聲帶
道聽塗說,林芯儀,I'm Singing
月半小夜曲,李克勤,命運符號
人生的歌,黃乙玲,人生的歌
雲中月,陳盈潔;沈文程,陳盈潔 (台語暢銷精選)
愛拼才會贏,葉啟田,葉啟田30年週年2 (回饋演唱會特輯)
愛情限時批 - Live,伍佰;萬芳,ONE 芳新歌+精選
Free,Rumi;Jinu;EJAE;蔡康明;KPop Demon Hunters Cast,KPop Demon Hunters (Soundtrack from the Netflix Film)
Soda Pop,Saja Boys;蔡康明;Neckwav;Danny Chung;KEVIN WOO;samUIL Lee;KPop Demon Hunters Cast,KPop Demon Hunters (Soundtrack from the Netflix Film)
黑夜狂奔,告五人,我們就像那些要命的傻瓜
寂寞沙洲冷,周傳雄,星空下的傳說
離人,張學友,The Best Of Jacky Cheung
忘了哭,張學友,Black & White
我等到花兒也謝了,張學友,真愛 新曲 + 真正精選
笑忘歌,五月天,後 青春期的詩
孤勇者 - 《英雄聯盟：雙城之戰》動畫劇集中文主題曲,陳奕迅,孤勇者 (《英雄聯盟：雙城之戰》動畫劇集中文主題曲)
淚了,曾沛慈;東城衛,強辯之終極三國 - 三團鼎立Super大鬥陣
我們相愛吧,李聖傑,面對
離歌,信樂團,天高地厚
好想放假,蔡健雅,記念
學會,許慧欣,孤單芭蕾
為你的寂寞唱歌,家家,為你的寂寞唱歌
十七,S.H.E,十七
分手說愛你,陳芳語,Kimbonomics 金式代
指望,郁可唯,藍短褲
月光,王心凌,愛你
同手同腳,温嵐,熱浪
原諒,張玉華,張玉華同名專輯
不過失去了一點點 - 八大《終極惡女》片尾曲,曾沛慈,我是曾沛慈
Where Did U Go,鄧紫棋,G.E.M. EP
白月光与朱砂痣,大籽,白月光与朱砂痣
左邊的人,陳華,在極度愛你的日子裡
左邊的人,陳華,左邊的人
愛人,鄧麗君,"Kyou, Kun Sairai Suisan Toei Aizou Tokuten"
滿滿的都是愛,梁靜茹,今天情人節
一千萬次的淚水,朱俐靜,女神Miu朱俐靜 存在的力量
我最愛的朋友,伍思凱,我真的很不錯 (精選)
獨角戲,許茹芸,如果雲知道
路過人間,郁可唯,路過人間
我們都傻,楊丞琳,仰望 楊丞琳 慶功典藏版
踮起腳尖愛,洪佩瑜,我可能不會愛你OST
我以為,品冠,一切為了愛
給我你的愛,TANK 呂建忠,終極一班 (電視原聲帶)
雨愛,楊丞琳,雨愛 繽紛慶功版
兜圈,林宥嘉,必娶女人電視原聲帶
Lydia,飛兒樂團,鬥魚原聲帶
風和日麗,劉若英,在一起
五月十一彼下埔,沈文程,啟程[五月十一彼下埔]
再見北極雪,周傳雄,星空下的傳說
昨天我十五歲,同恩,做自己
缺口,林凡,愛情_很突然
答應不愛你,鄭中基,Gold Typhoon Best Sellers Series - Ronald Cheng
那些女孩教我的事,品冠,那些女孩教我的事
黑白配,范瑋琪,我們的紀念日
獨立,蜜雪薇琪,蜜雪薇琪同名專輯
離開我,陶晶瑩,我變了
明知道,許美靜,遺憾
好聽,許茹芸,好聽
過我的生活,蕭煌奇,好好先生
我們的紀念日,范瑋琪,我們的紀念日
逆流的淚,温嵐,溫嵐同名概念專輯
不哭,王心凌,黏黏²
出賣,周傳雄,Transfer
非你莫屬,Tank,稍息立正我愛你電視原聲帶
愛情瑪奇朵 - 片尾曲,棒棒堂,黑糖瑪奇朵 偶像劇原聲帶
我們沒有在一起 (片尾曲),劉若英,偷心大聖PS男 (電視原聲帶)
我可以,蔡旻佑,轉角*遇到愛電視原聲帶
命運,家家,蘭陵王 (電視原聲帶)
手掌心,丁噹,蘭陵王 (電視原聲帶)
我以為,品冠,下一站幸福 (電視原聲帶)
我愛他,丁噹,下一站幸福 (電視原聲帶)
潔癖,嚴爵;五月天 阿信,好的情人
我沒資格,家家,為你的寂寞唱歌
你在 不在,郭采潔,愛異想
第一次愛的人,王心凌,愛你
有一點動心,張信哲;劉嘉玲,永恆金曲 影音典藏精選
你是我心內的一首歌 (feat. Selina),王力宏;任家萱,改變自己
末日之戀,張智成,蒐藏張智成 新歌+精選
後會無期,鄧紫棋,後會無期
海嘯,庾澄慶,海嘯
從沒去過巴塞隆納,告五人,我肯定在幾百年前就說過愛你
啊我忘了帶傘,告五人,帶你飛
夜裡無星,告五人,我肯定在幾百年前就說過愛你
迷霧之子,告五人,迷霧之子
又到天黑,告五人,又到天黑
溫蒂公主的侍衛 (三立/台視戲劇《天巡者》插曲),告五人,運氣來得若有似無
愛在夏天-盛夏之約,告五人,愛在夏天-盛夏之約
帶你飛,告五人,帶你飛
我天生 - 有病版 (電影《有病才會喜歡你》主題曲),告五人;詹懷雲;江齊,我天生 - 有病版
你要不要吃哈密瓜,告五人,迷霧之子
給你一瓶魔法藥水,告五人,玫瑰憑證
就說你想說的 (電影《為我辦一場西式的喪禮》主題曲),告五人,就說你想說的
唯一 (諾亞方舟 10週年進化),五月天;告五人,唯一
遠距離戀愛,告五人,帶你飛
又到天黑,告五人,帶你飛
一念之間,告五人,帶你飛
愛在夏天,告五人,愛在夏天
傻子,林宥嘉,大小說家
放生,范逸臣,不說出的溫柔
從未見過的海 (Netflix 影集《影后》序曲),告五人,從未見過的海
畫沙,袁詠琳;周杰倫,袁詠琳Cindy
愛越遠越重 (電視劇《春梅》插曲),邱凱偉,愛越遠越重
春梅,袁詠琳,春梅電視原聲帶
藍色風暴,周杰倫,11月的蕭邦
迷迭香,周杰倫,依然范特西
心雨,周杰倫,依然范特西
夜的第七章,周杰倫,依然范特西
甜甜的,周杰倫,我很忙
無雙,周杰倫,我很忙
牛仔很忙,周杰倫,我很忙
流浪詩人,周杰倫,魔杰座
花 海,周杰倫,魔杰座
愛的飛行日記,周杰倫,跨時代
免費教學錄影帶,周杰倫,跨時代
跨時代,周杰倫,跨時代
烏克麗麗,周杰倫,十二新作
哪裡都是你,周杰倫,十二新作
大笨鐘,周杰倫,十二新作
夢想啟動,周杰倫,十二新作
比較大的大提琴 (feat. Lara & Gary Yang),周杰倫;梁心頤;楊瑞代,十二新作
四季列車,周杰倫,十二新作
手語,周杰倫,十二新作
忍者,周杰倫,范特西
雙截棍,周杰倫,范特西
四面楚歌,周杰倫,11月的蕭邦
陽光宅男,周杰倫,我很忙
菊花台,周杰倫,周杰倫2007世界巡迴演唱會
東風破,周杰倫,超時代演唱會
公公偏頭痛,周杰倫,十二新作
天涯過客,周杰倫,哎呦 不錯哦
園遊會,周杰倫,七里香
千里之外,周杰倫,依然范特西
粉色海洋,周杰倫,最偉大的作品
牡丹江,南拳媽媽,2號餐
說好的幸福呢,周杰倫,魔杰座
我不配,周杰倫,我很忙
雨下一整晚,周杰倫,跨時代
千年之戀,信樂團;戴愛玲,挑信
黎明破曉前,林志穎,黎明破曉前
快樂至上,林志穎,稻草人
不是每个恋曲都有美好的回忆,李福山,林志颖金曲 爱你不只今天
暗了，亮了,戴愛玲,了不起寂寞
愛情36計,JOLIN蔡依林,城堡
騎士精神,JOLIN蔡依林,J女神 影音典藏精選
你怎麼連話都說不清楚,JOLIN蔡依林,Lucky Number
今天妳要嫁給我,JOLIN蔡依林;陶喆,太美麗
說愛你,JOLIN蔡依林,J女神 影音典藏精選
完整的我,梁靜茹,我好嗎? - 太陽如常升起
微光,梁靜茹,我好嗎? - 太陽如常升起
如愛所願,梁靜茹,我好嗎? - 太陽如常升起
我好嗎,梁靜茹,我好嗎? - 太陽如常升起
不敢當,梁靜茹,別再為他流淚
很久以後,梁靜茹,絲路
純真,梁靜茹,燕尾蝶<下定愛的決心>
我都知道,梁靜茹,燕尾蝶<下定愛的決心>
Fly Away,梁靜茹,戀愛的力量
一夜長大,梁靜茹,戀愛的力量
愛是…,梁靜茹,戀愛的力量
Tiffany,梁靜茹,戀愛的力量
明天的微笑,梁靜茹,戀愛的力量
昨天,梁靜茹,戀愛的力量
第三者,梁靜茹,戀愛的力量
只能抱著你,梁靜茹;光良,戀愛的力量
對不起我愛你,梁靜茹,戀愛的力量
相愛後動物感傷,張惠妹,阿密特意識專輯
我不需要每一個人都愛我 A Rock Can Be A Star,八三夭,顛倒世界
雙人枕頭,施文彬,半調子 (一)
你愛的不是我,施文彬,你愛的不是我
海海人生,施文彬,半調子 (一)
再會啦心愛的無緣的人,施文彬,再會啦心愛的無緣的人
傷心酒店,江蕙;施文彬,感情放一邊
畫 (Live Piano Session II),鄧紫棋,畫 (Live Piano Session II) - Single
關不掉的月光,庾澄慶,關不掉的月光
你在煩惱什麼,蘇打綠,你在煩惱什麼
寂寞邊界,張棟樑,白羽毛之戀
错了再错,張棟樑,王子
我落淚，情緒零碎,周杰倫,跨時代
To. X,太妍,To. X - The 5th Mini Album
三年二班,周杰倫,葉惠美
分裂,周杰倫,八度空間
明天會更好,蔡琴;余天;蘇芮;潘越雲;甄妮;李建復;林慧萍;王芷蕾;黃鶯鶯;洪榮宏,明天會更好
美麗新世界,S.H.E,美麗新世界
你接受嗎,李杰明;陳忻玥,李杰明
再出發,任賢齊;阿牛,情義
我們青春,李玉璽,勢在必行3-心時代 最終章
差不多姑娘,鄧紫棋,摩天動物園
把悲傷留給自己,陳昇,私奔
藍雨,張學友,真愛 新曲 + 真正精選
三暝三日,吳宗憲,吳盡的愛
你如何還能這樣溫柔,趙傳,我終於失去了妳
對你愛不完,郭富城,對你愛不完
恰似你的溫柔,鄧麗君,鄧麗君-名曲選
愛情的盡頭,伍佰,愛情的盡頭
製造浪漫,陳慧琳;鄭中基,閃亮每一天Shining 新歌 + 精選
每次都想呼喊你的名字,Shaun,永邦同名專輯
第一次,光良,十光年精選輯
白天不懂夜的黑,那英,白天不懂夜的黑
單身情歌,林志炫,單身情歌．超炫精選
一千個傷心的理由,張學友,真愛 新曲 + 真正精選
我真的受傷了,張學友,學友．熱
分手總要在雨天,張學友,真情流露-張學友
是否我真的一無所有,王傑,是否我真的一無所有
輸了你贏了世界又如何,優客李林,捍衛愛情
鬼迷心竅,李宗盛,滾石香港黃金十年-李宗盛精選
當愛已成往事,林憶蓮;李宗盛,滾石香港黃金十年-李宗盛精選
飄洋過海來看你 - Live,李宗盛,李宗盛 「既然青春留不住-還是做個大叔好」演唱會巡迴影音紀錄 LIVE
我是一隻小小鳥,任賢齊;李宗盛,任賢齊 & Friends
我終於失去了你,李宗盛,李宗盛的理性與感性作品音樂會
跳上車子離開傷心的台北,動力火車,跳上車子離開傷心的台北
那就這樣吧,動力火車,百萬全紀錄 新歌+精選
為你我受冷風吹,林憶蓮,"Love, Sandy"
繼續轉動,動力火車,繼續轉動
我很好騙,動力火車,我很好騙
無情的情書,動力火車,無情的情書
除了愛你還能愛誰,動力火車,無情的情書
外套,動力火車,Man
那個女孩,陶喆,再見你好嗎
早安，晨之美！,盧廣仲,盧廣仲 Good Morning & Good Evening 小巨蛋演唱會
大人中,盧廣仲,大人中
烏梅子醬,李榮浩,縱橫四海
烏梅子醬,李榮浩,烏梅子醬
雙刀,周杰倫,葉惠美
軌跡,周杰倫,尋找周杰倫EP
不該 (with aMEI),周杰倫;張惠妹,周杰倫的床邊故事
同一種調調,周杰倫,葉惠美
蛇 舞,周杰倫,魔杰座
傻笑 (feat. Cindy Yen),周杰倫;袁詠琳,十二新作
煙花易冷,周杰倫,跨時代
愛情懸崖,周杰倫,葉惠美
無盡的思念,林俊傑,編號 89757
美人魚,林俊傑,第二天堂
木乃伊,林俊傑,編號 89757
分生,張惠妹,阿密特意識專輯
夢見鐵達尼,張惠妹,牽手
天黑請閉眼,陳零九;邱鋒澤,第四象限
你講的話,江蕙,遠走高飛
老鼠愛大米,香香,老鼠愛大米
披星戴月的想你,告五人,我肯定在幾百年前就說過愛你
知足(07'最知足版),五月天,離開地球表面
在這座城市遺失了你 (戲劇《他們創業的那些鳥事》插曲),告五人,運氣來得若有似無
唯一 (三立/台視戲劇《戀愛是科學》插曲),告五人,運氣來得若有似無
好不容易 (《華燈初上》片尾曲),告五人,好不容易
愛人錯過,告五人,我肯定在幾百年前就說過愛你
醜人多作怪 (《新斗羅大陸》手遊半週年主題曲),告五人,運氣來得若有似無
永遠的畫面,張惠妹,真實 (Remastered)
也許明天,張惠妹,也許明天
了不起,張惠妹,真實 (Remastered)
瞬間,張惠妹,真實 (Remastered)
讓每個人都心碎,張惠妹,不顧一切
我為什麼那麼愛你,張惠妹,勇敢
勇敢,張惠妹,勇敢
靈魂盡頭 - 電影《小時代4：靈魂盡頭》主題曲,張惠妹,靈魂盡頭 (電影「小時代4：靈魂盡頭」主題曲)
不像個大人,張惠妹,我要快樂 (Deluxe Version)
Yes Or No,張惠妹,發燒
薇多莉亞的秘密,張惠妹,Star
不要亂說,張惠妹,我要快樂 (Deluxe Version)
So Good,張惠妹,Star
我要飛,張惠妹,妹力新世紀
你想幹什麼,張惠妹,AMIT2
孤單tequila,張惠妹,Bad Boy
牙買加的檳榔,張惠妹,AMIT2
Bad Boy,張惠妹,Bad Boy
血腥愛情故事,張惠妹,AMIT2
藍天,張惠妹,牽手
傲嬌,張惠妹;艾怡良;徐佳瑩,偷故事的人
High High High,張惠妹,牽手
當我開始偷偷地想你,張惠妹,我可以抱你嗎?愛人
你說了算,張惠妹;瘦子E.SO,偷故事的人
無悔,張惠妹,我可以抱你嗎?愛人
永遠的快樂,張惠妹,Star
離別總是那麼突然,張惠妹,離別總是那麼突然
過不去,張惠妹,也許明天
渴了,張惠妹,你在看我嗎
不該,周杰倫;張惠妹,周杰倫的床邊故事
因為你沒說,張惠妹;Darren S @ Atomic Studios Pte Ltd. in Singapore,真實
三天三夜,張惠妹,我可以抱你嗎?愛人
彩虹,張惠妹,阿密特意識專輯
偏執面,張惠妹;蛋堡,偏執面
開門見山,張惠妹,阿密特意識專輯
彩虹,動力火車,就是紅光輝全記錄
當,動力火車,就是紅光輝全記錄
忠孝東路走九遍,動力火車,忠孝東路走九遍
我很好騙,動力火車,都是因為愛
簡簡單單,林俊傑,他是…JJ林俊傑
黑色幽默,周杰倫,同名專輯
花海,周杰倫,魔杰座
止戰之殤,周杰倫,七里香
亂舞春秋,周杰倫,七里香
爸 我回來了,周杰倫,范特西
反方向的鐘,周杰倫,同名專輯
印地安老斑鳩,周杰倫,同名專輯
飛鳥與魚,齊豫,滾石香港黃金十年-齊豫精選
橄欖樹,齊豫,橄欖樹
秘密,Shadya Lan,一號創作專輯 秘密
街角的祝福,戴佩妮,Just Sing It
痴心絕對,李聖傑,痴心絕對
愛我還是他,陶喆,太平盛世
絲路,梁靜茹,絲路
崇拜,梁靜茹,崇拜
會呼吸的痛,梁靜茹,崇拜
沒有如果,梁靜茹,別再為他流淚
慢冷,梁靜茹,我好嗎? - 太陽如常升起
海枯石爛,王儷婷,Romance
"完 ,（首唱於XIANG YU YI YANG線上演唱會）[Live]",林宥嘉,"完 ,（首唱於XIANG YU YI YANG線上演唱會）[Live]"
最想見到你 (三立華劇《跟鯊魚接吻》插曲),白安,44天
軌跡,周杰倫,尋找周杰倫
忽然之間,莫文蔚,就是莫文蔚
思念是一種病,張震嶽;蔡健雅,OK
惡作劇,王藍茵,惡作劇之吻
我知道,BY2,TWINS
孤單北半球,林依晨,愛情合約 電視原聲帶
一個人想著一個人,曾沛慈,終極一班2 (電視原聲帶)
是非題,范瑋琪,哲學家
聲聲慢,鄧福如 AFÜ,原來如此!!
橘子汽水,南拳媽媽,2號餐
I Believe,范逸臣,范逸臣第一張個人專輯
你被寫在我的歌裡,蘇打綠;陳嘉樺,你在煩惱什麼
早安，晨之美！,盧廣仲,100種生活
對的人,戴愛玲,為愛做的傻事
青春住了誰,楊丞琳,青春住了誰
遇見,孫燕姿,The Moment
好久不見,陳奕迅,認了吧
INVU,太妍,INVU - The 3rd Album
愧,朱俐靜,女神Miu朱俐靜 存在的力量
Weekend,太妍,INVU - The 3rd Album
原來你什麼都不要,張惠妹,姊妹
熊麻吉,八三夭;卓文萱;林凡;孫盛希,大逃殺
男人女人,許茹芸,北緯66度
追夢人,鳳飛飛,鳳飛飛 歌唱生涯回憶錄 特別收錄1
來生緣,劉德華,傳奇 - 一起走過的日子
夢醒時分,伍佰,單程車票
世界末日,周杰倫,范特西EP
一百萬個可能,克麗絲叮,一百萬個可能
一百种孤独的理由,郭美美,你的名字
