Title,Artist,Album,TrackURI
"태양의 후예 (Original Television Soundtrack), Pt. 6 - 말해! 뭐해?",K.Will,"태양의 후예 (Original Television Soundtrack), Pt. 6 - 말해! 뭐해?",spotify:track:5bwZjteR12LZdlWbb3BXWu
Everytime,CHEN;Punch,"태양의 후예 (Original Television Soundtrack), Pt. 2",spotify:track:1UxYNCzvOgMMMvzQe66NIY
해야 (HEYA),IVE,IVE SWITCH,spotify:track:4gOwpU4kMZZNDWkoHYUj1Z
The visitor,IU,Love poem,spotify:track:3TGNR8la5ydvd6PaXnEpzH
LOCO,ITZY,CRAZY IN LOVE,spotify:track:56Yxkm62GtEpnPyG7TvwLY
Hope Not,BLACKPINK,Kill This Love,spotify:track:29fsVDL9T36N0tyD7ByLdI
Still Life,BIGBANG,Still Life,spotify:track:3TSLqZssCoCdDlMhCJ08XW
FANTASTIC BABY - Japanese ver.,BIGBANG,ALIVE,spotify:track:26JeAi8xsSvLRoNsl9B8Js
BANG BANG BANG,BIGBANG,MADE,spotify:track:3dI59jLoFMjMAyUAyRZnkE
내 목소리 들리니,BEN,Hotel del Luna (Original Television Soundtrack) Pt.9,spotify:track:6chlsBLGbBbBd4u21iqbIR
Sweet Dream,Jang Na-ra,Sweet Dream,spotify:track:2gx9ARIznyZBYa6YyWD5fo
애월랑 (愛月浪),Jang Yoon-Jeong,동이 OST Part.3,spotify:track:1dij5eaAsmZosiJmkTInE9
천애지아 (天崖至 睋 ),Jang Na-ra,동이 OST Part.1,spotify:track:1lXdZStJ1eAM3mFDE0QYeM
천애지아 (天崖至睋),Jang Na-ra,동이 OST,spotify:track:4jhIEOtIqzReY22TVShw74
LILAC,IU,IU 5th Album 'LILAC',spotify:track:5xrtzzzikpG3BLbo4q1Yul
Love poem,IU,Love poem,spotify:track:7HrE6HtYNBbGqp5GmHbFV0
YOU&I,IU,Last Fantasy,spotify:track:37S86pw74OH8j96ZmMnrpR
Celebrity,IU,IU 5th Album 'LILAC',spotify:track:5nCwjUUsmBuNZKn9Xu10Os
Into the I-LAND,IU,I-LAND Part.1 Signal Song,spotify:track:4YvtgtEH5E1pahZu9uzKRy
NAKKA (with IU),AKMU;IU,NEXT EPISODE,spotify:track:4t2FIqZJORKZGSKg30SShr
Every End of the Day,IU,The Spring of Twenty,spotify:track:5m2tbM2w8mG76uwFgla2iF
Good day,IU,REAL,spotify:track:1SwZVVH9BnXtLRLi2cbFhw
Jam Jam,IU,Palette,spotify:track:3h7WIL3B6nP3171zl6HWj8
Sleepless Rainy Night,IU,"A flower bookmark, Pt. 2",spotify:track:546tamGotuR5Mhbe35ONAv
Knees,IU,CHAT-SHIRE,spotify:track:3Sc3OHN2EnhsKwzt7hMFKQ
The shower,IU,CHAT-SHIRE,spotify:track:6Ig42GJlpNtP77kGIXYZc4
Zezé,IU,CHAT-SHIRE,spotify:track:1dwOTQnBuN8LeVX4jNwJXS
The night of the first breakup,IU,REAL,spotify:track:63Q0YcbhufHPvahEFJVm4O
What I'm doing slow,IU,REAL,spotify:track:6jQ6IH9ERSLHGuDPJXUJKT
Palette (feat. G-DRAGON),IU;G-DRAGON,Palette,spotify:track:3y7ByLZ05tluscOTRgEJ9Y
Through the Night,IU,Palette,spotify:track:3P3UA61WRQqwCXaoFOTENd
Friday (feat.Jang Yi-jeong),IU;EL CAPITXN,Modern Times – Epilogue,spotify:track:0GsRx0gPft6RmijIwMsKmG
Flu,IU,IU 5th Album 'LILAC',spotify:track:2j0MsDAMJ2ahsxP3z86ChI
How You Like That,BLACKPINK,THE ALBUM,spotify:track:4SFknyjLcyTLJFPKD2m96o
I stan U,IU,The Winning,spotify:track:0NnXG9qhpf0E6elVQdWLE7
"Shh.. (Feat. HYEIN, WONSUN JOE & Special Narr. Patti Kim)",IU;HYEIN;Joe Won Sun;Patti Kim,The Winning,spotify:track:20uUaRkfRJZG15mXfn7LaU
Sour Grapes,LE SSERAFIM,FEARLESS,spotify:track:6wBpO4Xc4YgShnENGSFA1M
Butter,BTS,"Butter (Hotter, Sweeter, Cooler)",spotify:track:1mWdTewIgB3gtBM3TOSFhB
Dynamite,BTS,BE,spotify:track:5QDLhrAOJJdNAmCTJ8xMyW
So Good,Red Velvet,RBB - The 5th Mini Album,spotify:track:0W9HGC75wwxU4YweY045ln
ETA,NewJeans,NewJeans 2nd EP 'Get Up',spotify:track:56v8WEnGzLByGsDAXDiv4d
Glass Shoes,fromis_9,Fromis_9 PRE-DEBUT Single,spotify:track:1VNuUzsWTp1WGf3mMeItvp
To My Youth,BOL4,Red Diary Page.1,spotify:track:4gMPlHHAjOQnUrhsuqHivn
Blueming,IU,Love poem,spotify:track:4Dr2hJ3EnVh2Aaot6fRwDO
This Love,DAVICHI,Descendants Of The Sun Pt.3 (Original Television Soundtrack),spotify:track:1mh5s6XJ3RLJBRPErACsHW
My Universe,Coldplay;BTS,Music Of The Spheres,spotify:track:46HNZY1i7O6jwTA7Slo2PI
unlucky,IU,Love poem,spotify:track:1jsY6pQeNaEConZWGau1L4
Autumn Morning,IU,"A flower bookmark, Pt. 2",spotify:track:1MYvjx60rkxZm5oHEPKqgz
I DON'T CARE,2NE1,COLLECTION,spotify:track:1o7HrWDkGyqxUJdQQlIeKV
I Don't Care,2NE1,2NE1 1st Mini Album,spotify:track:1ErdaM9N7EJ7trhXFnDECg
Into the New World,Girls' Generation,Girls' Generation,spotify:track:1RTW9UthqmZwr8Od6CH4i8
FOREVER 1,Girls' Generation,FOREVER 1 - The 7th Album,spotify:track:1oen3GpTcA486fTHaT7neg
Tally,BLACKPINK,BORN PINK,spotify:track:1mFrjl7xnmN7NZhYLbZnCY
Baddie,IVE,I'VE MINE,spotify:track:7uyeEbG6hyApgXuEypGcsZ
Accendio,IVE,IVE SWITCH,spotify:track:1BAtAtx0VgWgAMROWK9WYf
Either Way,IVE,Either Way,spotify:track:6ezYHltHYhuJckdCsYsRJI
ANTIFRAGILE,LE SSERAFIM,ANTIFRAGILE,spotify:track:4fsQ0K37TOXa3hEQfjEic1
Pink Venom,BLACKPINK,Pink Venom,spotify:track:7EyhPjrJzjx0fk2i7vUJCS
DDU-DU DDU-DU,BLACKPINK,SQUARE UP,spotify:track:7b8YOVV5quZcSKEijDgyWB
How Sweet,NewJeans,How Sweet,spotify:track:38tXZcL1gZRfbqfOG0VMTH
The Feels,TWICE,Formula of Love: O+T=<3,spotify:track:308Ir17KlNdlrbVLHWhlLe
FANCY,TWICE,FANCY YOU,spotify:track:2qQpFbqqkLOGySgNK8wBXt
What is Love?,TWICE,Summer Nights,spotify:track:3zhbXKFjUDw40pTYyCgt1Y
Strategy (feat. Megan Thee Stallion),TWICE;Megan Thee Stallion,STRATEGY,spotify:track:5zQUndaoBtXJ10SsApqtvw
Strategy (from the Netflix film KPop Demon Hunters),TWICE,STRATEGY,spotify:track:22fSzde77hjB052Vo155LF
Off The Record,IVE,I'VE MINE,spotify:track:6TNx6kHZeVDByUNMVxkAfa
Kitsch,IVE,Kitsch,spotify:track:4hbU7BVioG3WnoRNEy5YUf
REBEL HEART,IVE,REBEL HEART,spotify:track:0qdPpfbrgdBs6ie9bTtQ1d
Lion Heart,Girls' Generation,Lion Heart - The 5th Album,spotify:track:405SQUJdQut02dxtuQ0CZ3
Left and Right (Feat. Jung Kook of BTS),Charlie Puth;Jung Kook;BTS,Left and Right (Feat. Jung Kook of BTS),spotify:track:0mBP9X2gPCuapvpZ7TGDk3
Shopper,IU,The Winning,spotify:track:1c6kkrWnpy68eYDfBdxNtF
SET ME FREE,TWICE,READY TO BE,spotify:track:4OtVQ2ZxS7yigIjGz5yKg1
Teddy Bear,STAYC,Teddy Bear,spotify:track:4kSDi21MeOoSvpZs6MveI9
Love wins all,IU,Love wins all,spotify:track:0djkJ3iAARXRCbfbwwVc3o
Celebrity,IU,Celebrity,spotify:track:4RewTiGEGoO7FWNZUmp1f4
Obliviate,IU,Modern Times,spotify:track:2RENeWPEosqVewFaHSNnjT
BBIBBI,IU,BBIBBI,spotify:track:4as4XEOR03oGm1STUKl6pa
Holssi,IU,The Winning,spotify:track:0UTtK6hregIBOsefavRI26
ELEVEN,IVE,ELEVEN,spotify:track:7n2FZQsaLb7ZRfRPfEeIvr
PLAYING WITH FIRE,BLACKPINK,SQUARE TWO,spotify:track:7e7VjLxO5xJINHvnRytrqi
I CAN'T STOP ME,TWICE,Eyes Wide Open,spotify:track:37ZtpRBkHcaq6hHy0X98zn
SNEAKERS,ITZY,CHECKMATE,spotify:track:2WoluqyWzsgRmFCeHeGlnm
After LIKE,IVE,After LIKE,spotify:track:2gYj9lubBorOPIVWsTXugG
Queendom,Red Velvet,Queendom - The 6th Mini Album,spotify:track:6SpPr7K4YQ2wp8jU6uOTmQ
Hype Boy,NewJeans,NewJeans 1st EP 'New Jeans',spotify:track:0a4MMyCrzT0En247IhqZbD
Feel My Rhythm,Red Velvet,‘The ReVe Festival 2022 - Feel My Rhythm’,spotify:track:2oBMZYteeO8DyXV9gDx6Za
RUN2U,STAYC,YOUNG-LUV.COM,spotify:track:3gFcGnU4kTdMYLXDjH1TK8
BEAUTIFUL MONSTER,STAYC,WE NEED LOVE,spotify:track:56s2s5e8WuBsWVKnmz6J9L
Bubble,STAYC,TEENFRESH,spotify:track:4P5ozkI1bxiGxA5rZ27jlO
Perfect Night,LE SSERAFIM,Perfect Night,spotify:track:74X2u8JMVooG2QbjRxXwR8
MOONLIGHT SUNRISE,TWICE,READY TO BE,spotify:track:5IN9W6eUfk3014My9awagX
Lovesick Girls,BLACKPINK,THE ALBUM,spotify:track:0u5FYJWJLcLzSN9S1Wb2ag
CAKE,ITZY,KILL MY DOUBT,spotify:track:3syxwxJqX5jpgjNYmvzdW6
Give Love,AKMU,PLAY,spotify:track:2A3ShNautqXezP1lFDePwa
People Pt.2 (feat. IU),Agust D;IU,D-DAY,spotify:track:41JPN7pZMTp1sumBOHOzHd
I AM,IVE,I've IVE,spotify:track:70t7Q6AYG6ZgTYmJWcnkUM
ANTIFRAGILE,LE SSERAFIM,UNFORGIVEN,spotify:track:0bMoNdAnxNR0OuQbGDovrr
Super Shy,NewJeans,NewJeans 'Super Shy',spotify:track:5sdQOyqq2IDhvmx2lHOpwd
UNFORGIVEN (feat. Nile Rodgers),LE SSERAFIM;Nile Rodgers,UNFORGIVEN,spotify:track:51vRumtqbkNW9wrKfESwfu
FEARLESS,LE SSERAFIM,FEARLESS,spotify:track:296nXCOv97WJNRWzIBQnoj
Ditto,NewJeans,Ditto,spotify:track:3r8RuvgbX9s7ammBn07D3W
Red Flavor,Red Velvet,The Red Summer - Summer Mini Album,spotify:track:7nKQ5WAcjnG48knyLuo8gO
Kill This Love,BLACKPINK,Kill This Love,spotify:track:5GK7eDDTVz7CTge1wJrDQW
Pink Venom,BLACKPINK,BORN PINK,spotify:track:5P3o95Jf0YBQRQ4j2XPpfC
OMG,NewJeans,NewJeans 'OMG',spotify:track:65FftemJ1DbbZ45DUfHJXE
ATTITUDE,IVE,IVE EMPATHY,spotify:track:49oOgXKqm6xTavBtekzVHg
REBEL HEART,IVE,IVE EMPATHY,spotify:track:4qzV2qURSJBVV9d7BkMx4g
Thank U,IVE,IVE EMPATHY,spotify:track:5byscDL6SmZhKr8MbcoJcb
"무제(無題) (Untitled, 2014)",G-DRAGON,KWON JI YONG,spotify:track:16BS342F89MDqouSxgLaUK
Off The Record,IVE,Off The Record,spotify:track:3G7MgLuWLzUJQflWOCDZit
비밀번호 486,潤荷,고백하기 좋은 날,spotify:track:0GtnPY1LePGHquWzIEiqMj
CHEER UP,TWICE,PAGE TWO,spotify:track:7lB4rxNVc7vm33ZSZXVRAQ
Gangnam Style (강남스타일),PSY,Gangnam Style (강남스타일),spotify:track:03UrZgTINDqvnUMbbIMhql
Love wins all,IU,The Winning,spotify:track:53g7ZIvZE47H9pwXPFYMCH
"눈,코,입 (Eyes, Nose, Lips)",TAEYANG,RISE,spotify:track:0lYtIvI7bO51PZSeK22Mbz
Hold Me Back,Heize,"Queen of Tears (Original Television Soundtrack), Pt.3",spotify:track:69Bx1c9Hzv7IZGkLyFCeMw
내 맘을 볼 수 있나요,Heize,Hotel del Luna (Original Television Soundtrack) Pt.5,spotify:track:2oVHb8wyg6oC2iNpGBNvx1
Rain Drop,IU,Nitpicking,spotify:track:6tlMVCqZlmxfnjZt3OiHjE
잊어야 한다는 마음으로,Kim Kwang Seok,김광석 3번째 노래모음,spotify:track:67Yg0uYQB14o3gQ3RLwD7x
strawberry moon,IU,strawberry moon,spotify:track:2g0LdZQce9xlcHb1mBJyuz
Ah puh,IU,IU 5th Album 'LILAC',spotify:track:1IJxbEXfgiKuRx6oXMX87e
Troll (Feat. DEAN),IU;DEAN,IU 5th Album 'LILAC',spotify:track:64P4md3mdMM8Dog2aThmzj
Dreams in summer night,IU,A flower bookmark,spotify:track:08IZihEWj0fhBgF19DeZBj
above the time,IU,Love poem,spotify:track:2qKZnheMe0HhqYC1XJcdaA
Dear Name,IU,Palette,spotify:track:1DP0uwV6tMlCEfR61Mh7ki
Hi spring Bye,IU,IU 5th Album 'LILAC',spotify:track:2M7a2Us8CEU1HZHj70byGX
My old story,IU,A flower bookmark,spotify:track:2jDnaEpQI6xjahWZzeVyaM
Meaning of you,IU;Kim Chang-Wan,A flower bookmark,spotify:track:3ucfniv4fLB3RPA6N9iLM2
When love passes by,IU,A flower bookmark,spotify:track:2e9GsDKqjTGRbv6lI3mK9E
heart,IU,heart,spotify:track:5ktwBE88NKZSfmk6Lw2KhS
Bad Day,IU,Modern Times,spotify:track:0EqSyrpWl672SesSbx598X
Autumn morning,IU,가을 아침 [Gaeul Achim] : Autumn morning,spotify:track:100N8P8WYnz9eCYuLYGflV
lost child,IU,Lost and Found,spotify:track:1EzYoGGkr0azLsiq8svGSl
Black Out,IU,Palette,spotify:track:1sUOFqmIU38dQCA13aVKBL
Can't Love You Anymore (With OHHYUK),IU;OHHYUK,Palette,spotify:track:5MvxeZPiiLAuB5gI8k3ynk
Full Stop,IU,Palette,spotify:track:2HlvvNgav045pxmrG0mk11
eight(Prod.&Feat. SUGA of BTS),IU;SUGA,eight,spotify:track:0pYacDCZuRhcrwGUA5nTBe
Ending Scene,IU,Palette,spotify:track:06EMBzxDm2hueehobAlMtm
Lullaby,IU,Love poem,spotify:track:7BUtoP9NXEe7MgWvIG2KGE
Give You My Heart,IU,Crash Landing on You OST Part 11,spotify:track:6dGsBRuavumBs5BghcXF3D
Coin,IU,IU 5th Album 'LILAC',spotify:track:7CZRguMolNqIobnXxpV735
My sea,IU,IU 5th Album 'LILAC',spotify:track:46wDG6evLn2iPoQ0F8CUWk
Hold my hand,IU,My Last Love OST Part.4,spotify:track:0KVClXxsZEKkyWRNXeRFrE
DIVINE,Girls' Generation,THE BEST (New Edition),spotify:track:5SH8PV6RhyzlYW4PSsoRtB
우리 사랑했잖아,DAVICHI;T-ARA,우리 사랑했잖아,spotify:track:0UjaZizYPg1UWH96ybOZ0n
기억해줘요 내 모든 날과 그때를,GUMMY,Hotel del Luna (Original Television Soundtrack) Pt.7,spotify:track:4KhbUwFrXleCAGi6Yq8aYT
You Are My Everything,GUMMY,Descendants Of The Sun Pt.4 (Original Television Soundtrack),spotify:track:4s80CRYk3rRPZE56NvmFi7
Everytime,CHEN;Punch,Descendants Of The Sun Pt.2 (Original Television Soundtrack),spotify:track:1D6lK8qADoErTTLkY4YBfM
Round And Round,Heize;Han Suji,"Guardian (Original Television Soundtrack), Pt. 14",spotify:track:3vAncbML0jhNrp63DKhsCo
내 맘을 볼 수 있나요,Heize,Hotel del Luna (Original Television Soundtrack) Pt. 5,spotify:track:4bqgWdz5qs4Q5LHZ8un9PR
HOT,LE SSERAFIM,HOT (English ver.) (feat. JADE),spotify:track:24Y63uAvj6Oc9jGuTlhlgf
Bubble Gum,NewJeans,How Sweet,spotify:track:19D8LNpWwIPpi6hs9BG7dq
ONE SPARK,TWICE,With YOU-th,spotify:track:7cIn67LEvk16v6komC8znS
Promise,Girls' Generation,I GOT A BOY - The 4th Album,spotify:track:5ZSfWneqLDLRvSmedSAeWS
삐빅 (♥beats),IVE,IVE SECRET,spotify:track:4AFKzeKojgWujD7gEUmWCd
"Dear, My Feelings",IVE,IVE SECRET,spotify:track:1U9odXaCgEULNvYBXJBn43
XOXZ,IVE,IVE SECRET,spotify:track:3L9KMc8ImDXgDYKwdqq01V
YES or YES,TWICE,YES or YES,spotify:track:26OVhEqFDQH0Ij77QtmGP9
Fire,2NE1,2NE1 1st Mini Album,spotify:track:2EwOnaGCrPjbmyZlt76NN4
Girls Will Be Girls,ITZY,Girls Will Be Girls,spotify:track:373C7aTyGRJw7sVT4UG6Fh
Not Shy,ITZY,Not Shy,spotify:track:1ehags7lQMM1qX94VJkoaf
POWER,G-DRAGON,Übermensch,spotify:track:0Q7PMMu2ZDQDF5VjlCOBfc
TOO BAD,G-DRAGON;Anderson .Paak,Übermensch,spotify:track:0GOqhXyouUxqPEw9ypTOLm
The Boys,Girls' Generation,MR. TAXI - THE 3RD ALBUM (Version B),spotify:track:4dpyxuUzmrezIsA6zn4bx3
Gee,Girls' Generation,Oh! - The Second Album,spotify:track:0t7kjpVLgOYITrSfFCoBEA
ENEMY,TWICE,ENEMY,spotify:track:4Cv1YTkESvHPWnQAtVNoBF
THIS IS FOR,TWICE,THIS IS FOR,spotify:track:3598iBWrS4JhJqP5tHlpVK
"사랑인가 봐 Love, Maybe",MeloMance,KPop Demon Hunters (Soundtrack from the Netflix Film),spotify:track:7KU3A1fotuV0GXY1doHFT8
"TAKEDOWN (JEONGYEON, JIHYO, CHAEYOUNG)",TWICE,KPop Demon Hunters (Soundtrack from the Netflix Film),spotify:track:1rKQjUhF9zFJmuUotr3VkV
Permission to Dance,BTS,Permission to Dance,spotify:track:3XYRV7ZSHqIRDG87DKTtry
Never Ending Story,IU,"A flower bookmark, Pt. 3",spotify:track:3iJxBDym1SeqNqJqnvreHK
Red Sneakers,IU,"A flower bookmark, Pt. 3",spotify:track:7bsNhzXyqkgr64SibwXbGD
Lose My Breath (Feat. Charlie Puth),Stray Kids;Charlie Puth,Lose My Breath (Feat. Charlie Puth),spotify:track:2DXavoWAmIHlrECHPM1Vca
Left and Right (Feat. Jung Kook of BTS),Charlie Puth;Jung Kook;BTS,CHARLIE,spotify:track:5Odq8ohlgIbQKMZivbWkEo
Descendants Of The Sun (Original Television Soundtrack) Pt.6 - Talk Love,K.Will,Descendants Of The Sun (Original Television Soundtrack) Pt.6 - Talk Love,spotify:track:5NkpsRKvSBukdYQtl3WLZW
Nitpicking,IU,Nitpicking,spotify:track:1kODSVImpAKU1bbZvlNX2s
Haru Haru,BIGBANG,Stand Up,spotify:track:1L4d2lafz1odpIMe8va21X
MORE & MORE,TWICE,MORE & MORE,spotify:track:3omvXShuRPM3zbDpWYqf5g
사랑스러워,Kim Jong Kook,This is me,spotify:track:6XVp0q2S9ORgOeHBeaXlke
Ugly,2NE1,2NE1 2nd Mini Album,spotify:track:5FahFQNnmxqiWzJbDNmeIY
COME BACK HOME,2NE1,CRUSH,spotify:track:63J1RStsmoVKXNTCHRNxii
Lonely,2NE1,2NE1 2nd Mini Album,spotify:track:5BzfRtVjyC4wbISHdbCvWL
CROOKED,G-DRAGON,COUP D'ETAT,spotify:track:4EwNWRBWdZ6bgvxRHlZ8OO
I Am the Best (내가 제일 잘 나가),2NE1,2NE1 2nd Mini Album,spotify:track:0duGEEnNcvRgkeoZVx6qFu
I Am The Best,2NE1,I Am The Best,spotify:track:26EM9sZnQkLLQxixGd88KE
I AM THE BEST,2NE1,WELCOME BACK,spotify:track:6aRr7IN6X7D7KbpWrafNtf
Fantastic Baby,BIGBANG,ALIVE,spotify:track:26eV0R7nbqtlzh316ncU99
POWER,G-DRAGON,POWER,spotify:track:4XsJiRJQAK8TWcZCn0Dxlh
HOME SWEET HOME (feat. TAEYANG & DAESUNG),G-DRAGON;TAEYANG;DAESUNG,HOME SWEET HOME (feat. TAEYANG & DAESUNG),spotify:track:0Cu8JdYvV9DdmzLzhxaZLH
Say Yes,Loco;Punch,"Moonlovers - Scarlet Heart Ryeo (Original Television Soundtrack), Pt. 2",spotify:track:27zrFrtUtWl2urlvjOn5xc
Beautiful,Crush,"Guardian (Original Television Soundtrack), Pt. 4",spotify:track:6mzF8HvHdVrzJNd8M1uFCS
Stay With Me,CHANYEOL;Punch,"Guardian (Original Television Soundtrack), Pt. 1",spotify:track:1HYzRuWjmS9LXCkdVHi25K
Love You With All My Heart,Crush,"Queen of Tears (Original Television Soundtrack), Pt.4",spotify:track:0UaaFmF3xUwMjnuAHBq7qL
Next Stop,IU,Pieces,spotify:track:2qd4cLpENPf0gBia8WFi0m
Well… (ROCK VER.),IU,Growing Up,spotify:track:6zpiGeoHYRF5vtrboE3rAC
Bad Boy,Red Velvet,The Perfect Red Velvet - The 2nd Album Repackage,spotify:track:5GKwq4sO5ZHKuWaDmdwMQc
러시안 룰렛 Russian Roulette,Red Velvet,Russian Roulette - The 3rd Mini Album,spotify:track:5HiSc2ZCGn8L3cH3qSwzBT
Psycho,Red Velvet,‘The ReVe Festival’ Finale,spotify:track:3CYH422oy1cZNoo0GTG1TK
Cosmic,Red Velvet,Cosmic,spotify:track:4s2MSGZJE1NVmzWkxXB6Qa
EASY,LE SSERAFIM,EASY,spotify:track:2O4Bb2WCkjlTPO827OnBMI
Smart,LE SSERAFIM,Smart (Remixes),spotify:track:3lwK3WyKAI5bUuGY1OgGbZ
Blue Heart,IVE,IVE SWITCH,spotify:track:00wTgWOnpWPlTvFsAkZBme
SUMMER FESTA,IVE,SUMMER FESTA,spotify:track:4QYmuMAQ1iBzspZKCaMZuB
LOVE DIVE,IVE,LOVE DIVE,spotify:track:0Q5VnK2DYzRyfqQRJuUtvi
STAY,BLACKPINK,SQUARE TWO,spotify:track:3tP6QKbXvtrxiDI7QwKyUf
BOOMBAYAH - Japanese Version,BLACKPINK,BLACKPINK IN YOUR AREA (Japanese Version),spotify:track:5nIjOnMbC0QDMrYFLGx0yV
Kick It,BLACKPINK,Kill This Love,spotify:track:3VN74YiIjtY5ouKahBjmRX
Forever Young,BLACKPINK,SQUARE UP,spotify:track:2Pp9osgyIcw6o1avfDDDhH
You Never Know,BLACKPINK,THE ALBUM,spotify:track:00J8yszzb5PR6ZIvSBtg0Y
Don't Know What To Do,BLACKPINK,Kill This Love,spotify:track:4ghGrdxwqLA6ZoCiu0u4IR
BOOMBAYAH,BLACKPINK,SQUARE ONE,spotify:track:13MF2TYuyfITClL1R2ei6e
Ready For Love,BLACKPINK,BORN PINK,spotify:track:61tqrU7wp1EnoJ5ajtYXMl
Yeah Yeah Yeah,BLACKPINK,BORN PINK,spotify:track:3ABi5sVjvEp08IQEKh8BmG
As If It's Your Last,BLACKPINK,As If It's Your Last,spotify:track:4ZxOuNHhpyOj4gv52MtQpT
Shut Down,BLACKPINK,BORN PINK,spotify:track:6tCd8bPvYnceDG7W9M1RMk
그대라는 시,太妍,Hotel del Luna (Original Television Soundtrack) Pt.3,spotify:track:56Cmy1rCQ35V2Q7groYiHl
WANNABE,ITZY,IT'z ME,spotify:track:4pspYVQGFHLPEFgQPD1J7e
Boys Like You,ITZY,Boys Like You,spotify:track:34y2pV3RGFiCHSP12bNHVk
_WORLD,SEVENTEEN,SEVENTEEN 4th Album Repackage 'SECTOR 17',spotify:track:3QwiidVHfeE9y5jl4n2MTC
WA DA DA,Kep1er,FIRST IMPACT,spotify:track:4gdiCHNbwugojBqr5Jt3pq
Kitsch,IVE,I've IVE,spotify:track:7foeH2Emgq8A3LWk3q6dat
Talk that Talk,TWICE,BETWEEN 1&2,spotify:track:0RDqNCRBGrSegk16Avfzuq
